Ward name,Old code,New code,Population,Children_0-15 ,Children_0-15 %,Area - Square,Population_density, children_obese%, children_obese_year6,Employment_rate ,House_Price,Household_income,no_qualifications%,Crime_rate %,open_space% ,Cars_per_household 
City of London,00AA,E09000001,8100,650,8,3.2,2538.1,11.1,23.2,79.6,765000,63620,6.7,656.4,18.6,0.4
Barking and Dagenham - Abbey,00ABFX,E05000026,14750,3850,26,1.3,10500,13.3,24.7,60.3,173000,33920,16.4,138.1,21.9,0.5
Barking and Dagenham - Alibon,00ABFY,E05000027,10600,2700,25.7,1.4,7428.6,10,26,63.1,215000,32470,31.2,73.6,20.6,0.8
Barking and Dagenham - Becontree,00ABFZ,E05000028,12700,3200,25.4,1.3,9269.2,12.3,29.3,61.2,210000,33000,28,79.9,1.9,0.9
Barking and Dagenham - Chadwell Heath,00ABGA,E05000029,10400,2550,24.3,3.4,2985.3,12.8,24.6,63.6,240500,33920,29.1,76.1,56,0.9
Barking and Dagenham - Eastbrook,00ABGB,E05000030,10750,2150,20.1,3.5,3028.6,12.6,21.6,68.2,240000,37400,29.9,66.7,50.4,1.1
Barking and Dagenham - Eastbury,00ABGC,E05000031,11900,3000,25.2,1.4,8357.1,11.5,26.5,61.5,220000,32870,28.9,82.2,17.1,0.8
Barking and Dagenham - Gascoigne,00ABGD,E05000032,15850,5100,32,1.1,12772.7,16.2,29,56.4,200000,29480,25.5,75.8,20.8,0.5
Barking and Dagenham - Goresbrook,00ABGE,E05000033,11450,3000,25.9,1.3,8692.3,16.2,25.2,63.6,205000,33250,30,74.8,14.1,0.8
Barking and Dagenham - Heath,00ABGF,E05000034,11150,2900,26.2,2,5475,15,26,61.4,215000,31340,32.1,83.7,36.3,0.7
Barking and Dagenham - Longbridge,00ABGG,E05000035,11900,2600,21.7,1.6,7281.3,11.4,24.9,65.2,312750,40570,22.7,57,28.3,1.1
Barking and Dagenham - Mayesbrook,00ABGH,E05000036,10550,2850,26.9,1.9,5473.7,12.6,24.3,61.9,212000,31530,32.1,67.9,44.8,0.8
Barking and Dagenham - Parsloes,00ABGJ,E05000037,10050,2550,25.2,1.2,8250,14.8,26.5,61.5,213000,31860,31.8,56.8,17.4,0.8
Barking and Dagenham - River,00ABGK,E05000038,11950,3150,26.5,3.6,3166.7,17.2,30.2,64.2,205500,33490,29.9,85,20.5,0.8
Barking and Dagenham - Thames,00ABGL,E05000039,18950,6150,32.5,7.9,1867.1,15.6,27,60.5,219000,32580,24.1,95.6,43.8,0.7
Barking and Dagenham - Valence,00ABGM,E05000040,10250,2600,25.5,1.3,7692.3,12.2,24.6,63.1,215000,33200,32.1,68.3,11.8,0.8
Barking and Dagenham - Village,00ABGN,E05000041,11050,2750,24.8,2.1,5166.7,12.9,27.9,61.7,202500,31960,30.3,90.8,47,0.8
Barking and Dagenham - Whalebone,00ABGP,E05000042,11150,2650,23.7,1.6,6781.3,12.8,22.8,67.5,235000,37180,24,72.4,16,1
Barnet - Brunswick Park,00ACFX,E05000043,17550,3400,19.5,3.2,5218.8,10.8,16.5,71.4,435000,39800,17.4,49.4,28,1.3
Barnet - Burnt Oak,00ACFY,E05000044,19650,4750,24.3,2.1,8857.1,11.9,25.3,63.7,250000,29400,23.6,68.5,18.9,0.8
Barnet - Childs Hill,00ACFZ,E05000045,21100,4100,19.5,3.1,6516.1,12.2,16.9,67.9,507500,38960,13.7,90.5,15.1,0.8
Barnet - Colindale,00ACGA,E05000046,26600,6100,22.8,2.6,8250,12.6,26,61.9,302500,30170,18,58.9,19.8,0.8
Barnet - Coppetts,00ACGB,E05000047,18050,3500,19.5,2.7,6425.9,10,19.5,71.5,335000,38090,15,75.6,40.3,1
Barnet - East Barnet,00ACGC,E05000048,17100,3550,20.6,3.8,4302.6,11.3,22.2,71.5,368000,39870,17.1,44,34.8,1.2
Barnet - East Finchley,00ACGD,E05000049,16850,3250,19.2,2.5,6440,7.9,17.3,74.9,437500,41160,14.1,47.5,37.8,0.8
Barnet - Edgware,00ACGE,E05000050,17600,4050,22.9,5.6,3017.9,10.9,17.1,69,455000,38410,17,71.4,54,1.2
Barnet - Finchley Church End,00ACGF,E05000051,16800,3200,19,2.7,5925.9,6.6,11.6,72.6,528000,45030,12.3,52,13.7,1.2
Barnet - Garden Suburb,00ACGG,E05000052,16950,3450,20.3,4.7,3436.2,6.3,12.5,73.1,825000,53090,8.2,65.1,24.2,1.2
Barnet - Golders Green,00ACGH,E05000053,24950,6400,25.6,3,7150,8.7,16.4,66.7,555250,40800,16.4,61.3,14.6,1
Barnet - Hale,00ACGJ,E05000054,18250,4100,22.5,5.4,3250,11.2,20.6,70.7,397250,38590,17.8,46.8,48.8,1.2
Barnet - Hendon,00ACGK,E05000055,19300,4150,21.5,2.8,6625,7.4,19.1,66.7,350000,38530,13.5,72.6,16.4,1
Barnet - High Barnet,00ACGL,E05000056,16300,2950,18.1,8.3,1873.5,4.5,16.1,74.5,419422.5,43940,13.1,56.3,47.9,1.2
Barnet - Mill Hill,00ACGM,E05000057,20000,4350,21.9,9.4,2010.6,11.3,18.2,70.5,520000,41920,14,62.8,59,1.3
Barnet - Oakleigh,00ACGN,E05000058,16650,3200,19.3,3.3,4833.3,7.8,16.9,73.4,366000,41670,14.7,49.7,15.3,1.3
Barnet - Totteridge,00ACGP,E05000059,16900,3400,20.2,8.8,1795.5,9,17.9,71.6,627750,46150,13,39.7,57.7,1.3
Barnet - Underhill,00ACGQ,E05000060,17300,3400,19.6,4.6,3554.3,7.9,19.5,68.3,389950,37040,21.6,57.9,43.8,1.1
Barnet - West Finchley,00ACGR,E05000061,17500,3250,18.6,2.2,7590.9,8.5,14.5,74.2,385000,42050,12.2,55.2,13.4,0.9
Barnet - West Hendon,00ACGS,E05000062,19250,3950,20.6,3.4,5279.4,9.8,16.5,67.2,346250,35090,17.8,99.9,32,0.9
Barnet - Woodhouse,00ACGT,E05000063,18700,3500,18.6,2.6,6846.2,9.1,20.8,72,370000,38220,15.7,69.3,19.3,1
Bexley - Barnehurst,00ADGA,E05000064,10600,2000,18.7,2.9,3672.4,9.1,24.8,75.8,250000,38200,23.1,46.5,36,1.3
Bexley - Belvedere,00ADGB,E05000065,12400,2900,23.2,3.2,3828.1,11.8,28.4,70.4,179500,33510,23.7,62,33.1,1
Bexley - Blackfen and Lamorbey,00ADGC,E05000066,10700,1950,18.3,1.7,6352.9,8.5,20,77.3,280000,40780,22.4,28.8,9.5,1.3
Bexley - Blendon and Penhill,00ADGD,E05000067,11000,2000,18,2.1,5285.7,9.7,15.8,78.2,275000,40340,21.5,37.7,13.8,1.4
Bexley - Brampton,00ADGE,E05000068,10600,1750,16.6,2,5350,6.1,23.7,76.6,315000,40790,22.9,26.3,9.1,1.3
Bexley - Christchurch,00ADGF,E05000069,11350,2050,18.1,2.5,4500,11.8,14.2,77,275000,40190,21,97.5,17.3,1.2
Bexley - Colyers,00ADGG,E05000070,11400,2550,22.3,1.6,7093.8,11.1,26.6,70.2,247000,34450,25.1,39.5,13,1.1
Bexley - Crayford,00ADGH,E05000071,11950,2500,20.9,4,2925,10.1,19.6,73.2,231500,34900,25.3,62.2,41.7,1.1
Bexley - Cray Meadows,00ADGJ,E05000072,11350,2350,20.8,7.2,1583.3,14,25.4,71.4,285000,35530,25.1,54.3,61.7,1.2
Bexley - Danson Park,00ADGK,E05000073,11000,2000,18.3,2.7,4092.6,11.5,22.9,75,265750,38580,23,54,36.4,1.2
Bexley - East Wickham,00ADGL,E05000074,11000,2000,18.4,2.2,5022.7,10.9,23,73.5,259497.5,36260,26.4,40.5,26.8,1.2
Bexley - Erith,00ADGM,E05000075,12800,3200,25.1,4.8,2614.6,13.4,29.9,67.6,181000,33160,23.6,82.3,44.6,1
Bexley - Falconwood and Welling,00ADGN,E05000076,10950,2000,18.2,1.7,6470.6,10.4,24.9,76.2,280000,39000,22.1,47.7,0.7,1.3
Bexley - Lesnes Abbey,00ADGP,E05000077,11450,2300,20.3,2.4,4791.7,13.3,22.4,69.7,257500,35630,23.8,59.8,37,1.1
Bexley - Longlands,00ADGQ,E05000078,10600,1750,16.4,2.6,4096.2,8.2,17.4,75.4,250000,40880,20.9,34.2,28.9,1.2
Bexley - North End,00ADGR,E05000079,11850,3150,26.7,5.7,2070.2,15.2,22.8,63.3,204497.5,29930,28.8,81.2,65.3,0.9
Bexley - Northumberland Heath,00ADGS,E05000080,10700,2100,19.5,1.8,5972.2,11,22.5,73.6,250000,37130,23.3,42.1,13.6,1.3
Bexley - St. Mary's,00ADGT,E05000081,10550,1850,17.7,4.4,2420.5,8.7,14.4,77.3,315000,44010,18.9,33.2,46.8,1.4
Bexley - St. Michael's,00ADGU,E05000082,11250,2300,20.4,1.4,8071.4,9.1,22,75.9,280000,38510,21.8,30,5.9,1.4
Bexley - Sidcup,00ADGW,E05000083,11000,1750,15.9,2.7,4092.6,10.4,18.4,74,280000,41220,19.1,50.5,25.8,1.2
Bexley - Thamesmead East,00ADGX,E05000084,12550,3500,27.8,4.8,2583.3,17.1,28,62.6,190000,32100,20.8,54.9,70.5,0.8
Brent - Alperton,00AEGJ,E05000085,15300,3050,19.8,2.1,7047.6,8.3,18.8,67.4,249950,31250,22.1,69.1,17.7,0.9
Brent - Barnhill,00AEGK,E05000086,16250,3400,20.9,3,5366.7,10.8,25.1,64.2,333000,34630,18.1,64.7,31.6,1
Brent - Brondesbury Park,00AEGL,E05000087,13300,2350,17.8,1.7,7794.1,8.3,22.9,71.8,465000,40020,15.9,70.8,9.7,0.7
Brent - Dollis Hill,00AEGM,E05000088,13650,3300,24.1,2.3,5934.8,13.2,21.9,61.5,306000,30990,24.4,67.3,26.6,0.9
Brent - Dudden Hill,00AEGN,E05000089,15750,3350,21.2,1.7,9117.6,15.6,26.7,65.9,495000,33470,19.8,88.2,11.6,0.8
Brent - Fryent,00AEGP,E05000090,14150,2900,20.5,2.7,5129.6,10.5,21.2,66.5,263750,35590,20.3,58.4,39.3,1.1
Brent - Harlesden,00AEGQ,E05000091,17500,4750,27.3,1.1,15772.7,15.8,29.3,59.3,305500,27030,24.1,100.3,8.9,0.5
Brent - Kensal Green,00AEGR,E05000092,15050,3200,21.1,1.1,13681.8,11.6,27.1,68.8,500000,34640,19.7,86.6,6.9,0.6
Brent - Kenton,00AEGS,E05000093,12550,2050,16.2,2.3,5413,5.8,21.6,70.3,440000,42190,17.3,51.3,17,1.4
Brent - Kilburn,00AEGT,E05000094,17550,3400,19.5,0.9,19333.3,11.9,25.8,68.9,444631.5,34270,17.1,79.3,11.1,0.4
Brent - Mapesbury,00AEGU,E05000095,16000,2750,17.2,1.4,11357.1,13.7,21.6,70.6,450000,36830,14.5,71.8,9.6,0.6
Brent - Northwick Park,00AEGW,E05000096,13300,2150,16,2.7,4888.9,11.5,20.9,67.4,470000,41100,13.4,64.7,32,1.3
Brent - Preston,00AEGX,E05000097,15750,3300,20.8,2.4,6541.7,13,23.8,67,350000,35960,17.5,57.9,19.2,1
Brent - Queens Park,00AEGY,E05000098,15500,3200,20.5,1.5,10300,9.9,17.4,75.8,677500,42880,13.3,72.9,19,0.7
Brent - Queensbury,00AEGZ,E05000099,16800,3350,19.8,2,8050,10.7,21.5,67.7,366000,35110,21.4,65,13.7,1.2
Brent - Stonebridge,00AEHA,E05000100,17600,4700,26.7,4.1,4231.7,17,26.5,54.2,249950,25800,25.9,116,16.2,0.6
Brent - Sudbury,00AEHB,E05000101,15250,3250,21.1,2.1,7238.1,10.6,25.9,67.4,249950,33530,18.1,51.5,34.6,0.9
Brent - Tokyngton,00AEHC,E05000102,18900,3800,20,2.8,6160.7,13.1,27.2,67.5,322500,33130,19.4,82.8,19.8,0.9
Brent - Welsh Harp,00AEHD,E05000103,14000,3000,21.5,2.3,6065.2,11.2,26.6,64.9,292475,31620,22.6,62.9,34,0.9
Brent - Wembley Central,00AEHE,E05000104,16150,3100,19.1,1.6,9718.8,9.2,20.4,65.6,250000,31040,20.7,118.3,20.1,0.8
Brent - Willesden Green,00AEHF,E05000105,15950,3050,19.1,1.5,10600,15,26.7,68.6,409500,31390,18.5,94.9,36.8,0.5
Bromley - Bickley,00AFGD,E05000106,15450,3000,19.4,4.9,3132.7,7.3,12.5,76,480000,47190,14.5,36.5,21.5,1.4
Bromley - Biggin Hill,00AFGE,E05000107,10250,1850,18,8.3,1222.9,8,14.1,79.2,269950,40930,18.3,44.8,72.7,1.7
Bromley - Bromley Common and Keston,00AFGF,E05000108,16250,3350,20.7,8.3,1897.6,10.5,17.8,73.2,350000,40510,20.5,53,58.6,1.3
Bromley - Bromley Town,00AFGG,E05000109,18600,3900,20.8,3.7,4797.3,5.8,13.3,78.6,327000,43460,13.1,139,17.6,1
Bromley - Chelsfield and Pratts Bottom,00AFGH,E05000110,14800,2800,19.1,12.6,1166.7,4.2,11.3,77.3,400000,44850,16.4,40.3,68.4,1.5
Bromley - Chislehurst,00AFGJ,E05000111,15400,2900,18.7,10.4,1461.5,6,15.5,75.1,395000,46250,15.8,55.2,59.1,1.4
Bromley - Clock House,00AFGK,E05000112,16050,3450,21.6,2.3,6869.6,7.1,16.5,77.7,308750,41650,15.2,46,16.2,1
Bromley - Copers Cope,00AFGL,E05000113,15950,2500,15.8,3.3,4772.7,7.8,13.3,79.5,315000,43170,12.1,70.5,16.7,1
Bromley - Cray Valley East,00AFGM,E05000114,15850,3600,22.7,13.3,1176.7,9.1,22.2,69.3,242000,32230,27.9,102.2,76.2,1
Bromley - Cray Valley West,00AFGN,E05000115,17150,4050,23.6,3.9,4371.8,8.4,18.3,67.4,250000,31740,28.5,71.5,23.4,1.1
Bromley - Crystal Palace,00AFGP,E05000116,12950,2700,20.7,2.3,5478.3,9.6,23.8,69.5,250000,34060,16.9,90,49.2,0.6
Bromley - Darwin,00AFGQ,E05000117,5300,1000,18.4,29,181,11.4,15.4,75,445000,42810,21.9,43.9,88.5,1.7
Bromley - Farnborough and Crofton,00AFGR,E05000118,14850,2550,17.3,7,2121.4,4.4,15.1,75.1,395000,44590,18.1,43,48.9,1.3
Bromley - Hayes and Coney Hall,00AFGS,E05000119,16250,3000,18.5,10.8,1500,7.4,12,76.3,441250,45660,15.7,35,68.9,1.4
Bromley - Kelsey and Eden Park,00AFGT,E05000120,16250,3000,18.6,5.2,3105.8,7.1,15.2,75.5,421599,44700,17.1,59.9,42.7,1.3
Bromley - Mottingham and Chislehurst North,00AFGU,E05000121,10300,2400,23.1,2.4,4250,11.1,22.7,67.9,250000,32330,26,93,44,1
Bromley - Orpington,00AFGW,E05000122,15650,2900,18.5,4.3,3616.3,9.2,19.5,72.8,340000,38090,22.3,89.6,24.6,1.2
Bromley - Penge and Cator,00AFGX,E05000123,17900,3900,21.9,3,5883.3,10.4,25.2,70.4,320000,36090,17,89.9,24.9,0.8
Bromley - Petts Wood and Knoll,00AFGY,E05000124,13950,2550,18.3,4.3,3220.9,6.1,9.5,75.4,485000,48530,15.2,43,24.3,1.4
Bromley - Plaistow and Sundridge,00AFGZ,E05000125,15600,3250,20.9,4,3850,9.2,14.9,73.5,295444,39460,18.6,48.6,40.3,1
Bromley - Shortlands,00AFHA,E05000126,10150,1800,17.7,2.5,4020,3.9,11.7,76.3,468000,48020,12.1,33.8,3,1.3
Bromley - West Wickham,00AFHB,E05000127,15250,2600,17.1,4.4,3443.2,6.8,12,76.8,475000,46210,15.2,33.9,31.8,1.4
Camden - Belsize,00AGGD,E05000128,12800,2300,18,0.8,15937.5,10.9,18.7,74.4,850000,52680,8.4,60.9,1.3,0.6
Camden - Bloomsbury,00AGGE,E05000129,11700,750,6.5,1,11650,12,28.3,51.4,560000,40340,7.8,314.1,9.2,0.2
Camden - Camden Town with Primrose Hill,00AGGF,E05000130,13100,1900,14.6,1.2,10791.7,11.6,16.6,69.4,813500,45840,11.7,297,15.2,0.5
Camden - Cantelowes,00AGGG,E05000131,12450,1850,14.8,0.8,15375,9,20.3,64.3,560000,39060,13.9,82.5,7.4,0.4
Camden - Fortune Green,00AGGH,E05000132,12100,1850,15.2,1,12000,3.5,20.6,74.6,575000,46800,9.2,54.2,18.4,0.6
Camden - Frognal and Fitzjohns,00AGGJ,E05000133,12250,2000,16.3,1.5,8133.3,,,69.8,955000,60310,6.1,56.7,5.7,0.8
Camden - Gospel Oak,00AGGK,E05000134,11500,2100,18.4,0.7,16357.1,10.7,23.4,65.5,599999,39990,17.8,65.8,15.9,0.5
Camden - Hampstead Town,00AGGL,E05000135,11400,1950,17.3,2.5,4540,,,76.6,1190000,62840,6.1,82.9,53.9,0.7
Camden - Haverstock,00AGGM,E05000136,12750,2400,18.7,0.7,18000,12,25.9,62.9,547305,35730,18.6,87.6,8.2,0.4
Camden - Highgate,00AGGN,E05000137,11150,1850,16.4,3.2,3484.4,5.3,13.5,70.4,650000,47840,12.6,81,65.2,0.7
Camden - Holborn and Covent Garden,00AGGP,E05000138,13700,1750,12.7,1.2,11250,9,25.5,61.9,685000,40180,12.9,311,7.5,0.3
Camden - Kentish Town,00AGGQ,E05000139,13850,2150,15.4,1,13750,6.5,19.3,71.3,630100,41230,13.6,89,5.3,0.4
Camden - Kilburn,00AGGR,E05000140,12350,2200,17.7,0.7,17500,13.4,22.1,66.8,468000,34730,17.4,110.7,13.4,0.4
Camden - King's Cross,00AGGS,E05000141,12550,1600,12.8,0.6,20833.3,10.9,21.2,46.1,625000,32890,12.1,122.4,13.5,0.2
Camden - Regent's Park,00AGGT,E05000142,14700,2200,14.8,1.3,10961.5,12.6,26.1,54.4,600000,34260,17.5,131.3,27,0.4
Camden - St. Pancras and Somers Town,00AGGU,E05000143,16200,2850,17.7,1.4,10785.7,12.3,24.5,53,465000,30500,22.7,93.5,13.6,0.3
Camden - Swiss Cottage,00AGGW,E05000144,13200,2200,16.8,1.3,10076.9,13.8,22.2,72.3,740500,50340,9,70,14.5,0.6
Camden - West Hampstead,00AGGX,E05000145,12550,1650,13.1,0.9,13722.2,6.1,16,76.2,622500,46290,9.5,77.6,9.4,0.5
Croydon - Addiscombe,00AHGE,E05000146,17750,3550,19.9,1.6,10843.8,10.3,21.6,74.1,250000,38070,15.3,61,2.3,0.7
Croydon - Ashburton,00AHGF,E05000147,15150,2950,19.5,2.7,5555.6,11.5,23.2,71.7,347000,38600,19.5,58.1,22.2,1.1
Croydon - Bensham Manor,00AHGG,E05000148,16600,4000,24.1,1.4,11750,13.2,24.4,67.5,246250,33530,17.9,64.4,7.8,0.8
Croydon - Broad Green,00AHGH,E05000149,20050,5300,26.4,2.7,7185.2,11.5,25.5,64.6,231000,31000,20.2,151.3,4.6,0.7
Croydon - Coulsdon East,00AHGJ,E05000150,12700,2350,18.4,7.7,1629.9,9.4,17.4,73.9,375000,42660,18.2,34.9,56.8,1.4
Croydon - Coulsdon West,00AHGK,E05000151,14150,2600,18.4,5,2770,9.6,19.7,75.5,361000,46610,15.1,46.7,17.1,1.5
Croydon - Croham,00AHGL,E05000152,16200,3250,20.2,3.5,4614.3,8.9,19.1,76.5,250000,42260,12,57.3,19.1,1
Croydon - Fairfield,00AHGM,E05000153,21750,4200,19.2,3.8,5065.8,10.2,24.8,73.1,236000,39130,12.3,215.9,17.5,0.6
Croydon - Fieldway,00AHGN,E05000154,11850,3500,29.6,1.5,7800,13.9,24.6,58.5,220000,26720,34.4,61.8,22.9,0.8
Croydon - Heathfield,00AHGP,E05000155,13600,2450,18.2,8.7,1551.7,10.6,17.8,74.3,260000,39770,17.2,70.7,61.3,1.3
Croydon - Kenley,00AHGQ,E05000156,15650,3250,20.9,6.5,2369.2,4.5,14.7,75,340000,44160,14.6,35.9,39.6,1.3
Croydon - New Addington,00AHGR,E05000157,11250,2750,24.6,2.4,4604.2,11.3,27.8,64.4,245000,28770,34.8,70,31.2,1
Croydon - Norbury,00AHGS,E05000158,17100,3550,20.8,2.5,6740,11.2,23.5,69.5,350000,36810,16.2,54.2,15.8,1
Croydon - Purley,00AHGT,E05000159,15550,3050,19.7,4.2,3607.1,8.1,16.9,74.1,320000,44600,12.9,78.1,3.8,1.2
Croydon - Sanderstead,00AHGU,E05000160,13200,2250,17,6.3,2071.4,7.7,12.5,74.9,392500,47030,15.1,29.6,48.6,1.5
Croydon - Selhurst,00AHGW,E05000161,18550,4850,26.2,2.3,7978.3,14.6,27,64.7,212997.5,31220,18.9,95.9,18.3,0.6
Croydon - Selsdon and Ballards,00AHGX,E05000162,12200,1700,13.8,6.4,1882.8,8.8,15.4,76.4,344000,45320,15.2,35.5,55.2,1.5
Croydon - Shirley,00AHGY,E05000163,14700,2900,19.7,2.8,5214.3,9.1,20,72.3,320000,39500,19.1,44.1,16,1.2
Croydon - South Norwood,00AHGZ,E05000164,16900,3750,22.2,2.4,6979.2,11.6,23.4,68.7,240000,34430,15.9,80,17.5,0.7
Croydon - Thornton Heath,00AHHA,E05000165,16900,4300,25.4,1.7,9852.9,13.8,26.7,66.8,250000,33720,18.7,82,11.2,0.7
Croydon - Upper Norwood,00AHHB,E05000166,16600,3450,20.8,2.6,6307.7,10.5,23.7,69.7,289750,37430,16.6,70.8,19.4,0.9
Croydon - Waddon,00AHHC,E05000167,17650,4100,23.4,3.6,4847.2,11.1,19.9,69.9,243250,34630,19.1,74.3,32.7,0.8
Croydon - West Thornton,00AHHD,E05000168,18000,4550,25.4,2,8925,12.6,24.8,64.6,235000,32400,17.9,90.3,18.7,0.8
Croydon - Woodside,00AHHE,E05000169,17100,4200,24.7,2.2,7727.3,11.6,23.6,69,250000,33890,17.1,65,33.3,0.8
Ealing - Acton Central,00AJGC,E05000170,15850,3150,20,1.8,8750,11.1,19.4,69.4,570000,36500,14.3,77.9,24.2,0.7
Ealing - Cleveland,00AJGD,E05000171,14850,3200,21.7,2.2,6750,10,19.2,68.6,500000,41730,13.1,47.8,34.7,0.9
Ealing - Dormers Wells,00AJGE,E05000172,14150,3150,22.4,2.3,6152.2,14,23.4,61,265000,29350,23.5,54,47.3,1
Ealing - Ealing Broadway,00AJGF,E05000173,15550,2300,14.6,1.9,7868.4,6.2,15.1,75.1,459970,45540,7.3,145.7,6.1,0.8
Ealing - Ealing Common,00AJGG,E05000174,14200,2250,15.7,2.1,6809.5,9.9,21,74.6,536000,43600,10.8,68.9,22.2,0.9
Ealing - East Acton,00AJGH,E05000175,19800,3950,19.8,4.3,4523.3,11.1,26.1,68.3,390500,32930,15,103.7,19.6,0.7
Ealing - Elthorne,00AJGJ,E05000176,15100,3150,21,2,7450,11,22.6,73.1,408750,38970,15.1,77.5,34.2,0.8
Ealing - Greenford Broadway,00AJGK,E05000177,17750,4400,24.7,2.5,7120,13.7,23.6,66.4,249000,30500,21.9,81.2,26.2,0.9
Ealing - Greenford Green,00AJGL,E05000178,14500,3100,21.2,3.4,4264.7,9.1,24.5,72.6,307000,35420,17.8,74.8,22.6,1.1
Ealing - Hanger Hill,00AJGM,E05000179,15750,3000,19.1,3.3,4787.9,7.1,18.4,71.9,519000,44760,9.2,60.4,26.7,1
Ealing - Hobbayne,00AJGN,E05000180,14300,3250,22.5,2.2,6522.7,11.4,18.6,70.6,386250,36220,18.2,44.2,36.1,0.9
Ealing - Lady Margaret,00AJGP,E05000181,14100,2750,19.7,1.5,9433.3,12.9,23.6,66.6,285000,32520,19.8,46.2,19.4,1.3
Ealing - Northfield,00AJGQ,E05000182,13700,2700,19.6,1.5,9133.3,5.3,13.1,78.6,615000,48480,8.7,44.5,25.6,0.9
Ealing - North Greenford,00AJGR,E05000183,14900,3050,20.5,3.2,4656.3,8.8,24.8,72.3,345000,36480,16.9,51.8,53.3,1.2
Ealing - Northolt Mandeville,00AJGS,E05000184,15350,3600,23.4,2.8,5482.1,12.1,24.9,67.3,300000,31950,21.5,63.3,34.5,0.9
Ealing - Northolt West End,00AJGT,E05000185,15200,3950,26,3.5,4371.4,14.1,21.9,61.9,226111,28550,25.1,67.5,56.3,0.9
Ealing - Norwood Green,00AJGU,E05000186,14200,2950,20.8,3.8,3750,12.3,23.1,57.3,257500,29020,21.8,91.1,54.5,1.1
Ealing - Perivale,00AJGW,E05000187,15450,3200,20.6,3.4,4573.5,11.6,24.4,71.4,367500,36040,17.4,73.3,38.3,1.1
Ealing - South Acton,00AJGX,E05000188,16200,3350,20.6,1.7,9205.9,11.6,26.9,68.1,440000,34300,16.2,88.7,17.5,0.7
Ealing - Southall Broadway,00AJGY,E05000189,16200,3700,22.7,1.6,9343.8,14.8,23.3,59.1,250000,27930,23.8,107.9,14.1,0.9
Ealing - Southall Green,00AJGZ,E05000190,15200,3600,23.8,1.6,9406.3,14.3,24.7,59.7,243000,27150,23.6,83.9,16.3,0.9
Ealing - Southfield,00AJHA,E05000191,13600,2500,18.6,1.4,9714.3,7.4,18,77.6,780000,50170,9,64.5,14.3,0.8
Ealing - Walpole,00AJHB,E05000192,13500,2600,19.1,1.5,9033.3,7.8,18.5,77.3,612500,46240,10.2,73.8,20.1,0.8
Enfield - Bowes,00AKGL,E05000193,14550,2650,18.2,1.5,9733.3,9.3,21.1,71.9,319995,36300,16.7,50.8,15.3,0.8
Enfield - Bush Hill Park,00AKGM,E05000194,14150,2500,17.6,2.5,5720,10.8,22.4,73,360200,41800,20.4,53.9,29.6,1.3
Enfield - Chase,00AKGN,E05000195,14000,3150,22.3,16.9,834.3,12,24.4,69.5,324000,36350,22.4,55.8,81.5,1.1
Enfield - Cockfosters,00AKGP,E05000196,14100,2250,16.1,10.4,1370.2,9,20.6,66.9,472000,43570,19,46.4,68.8,1.3
Enfield - Edmonton Green,00AKGQ,E05000197,18350,4950,27.1,3.1,5951.6,17.6,30.1,53.8,210000,26010,30.5,117.7,33.2,0.6
Enfield - Enfield Highway,00AKGR,E05000198,16350,4050,24.9,4.6,3576.1,14.1,27,60.1,250000,29450,30.1,82.4,40.6,1
Enfield - Enfield Lock,00AKGS,E05000199,17000,4500,26.4,3.3,5166.7,16.3,26.7,62,217250,30240,26.5,69.2,39.6,0.9
Enfield - Grange,00AKGT,E05000200,13300,2300,17.3,3.3,4015.2,8.6,11.7,74.8,360000,45960,16.1,59.4,27.4,1.3
Enfield - Haselbury,00AKGU,E05000201,16500,4050,24.5,1.8,9277.8,14.5,26.9,59.3,260000,29600,27.2,61.1,27,0.8
Enfield - Highlands,00AKGW,E05000202,13550,2200,16.4,5.1,2647.1,8.9,19.4,72.9,375000,43540,18.7,40.4,56.4,1.2
Enfield - Jubilee,00AKGX,E05000203,14600,3500,24.1,3.9,3782.1,12.8,24.3,62.2,250000,30800,28.5,58.8,60.6,1
Enfield - Lower Edmonton,00AKGY,E05000204,16700,4700,28,2.2,7681.8,13.2,27.6,57.9,248000,28110,28.5,56.2,40.6,0.7
Enfield - Palmers Green,00AKGZ,E05000205,15650,2900,18.5,1.9,8263.2,11,22.5,70.2,353500,37970,20.6,70.3,15.4,1
Enfield - Ponders End,00AKHA,E05000206,17050,4400,25.7,3.5,4771.4,16.7,29.6,58,248000,28560,26.9,80.6,44.5,0.8
Enfield - Southbury,00AKHB,E05000207,14950,3700,24.7,2.9,5172.4,12,21.4,65,265000,33260,24.6,98.8,29.3,0.9
Enfield - Southgate,00AKHC,E05000208,14800,2850,19.2,2.7,5537,9.5,17.5,71.1,347500,41520,16.1,62.6,27.1,1.1
Enfield - Southgate Green,00AKHD,E05000209,14400,2550,17.9,2.6,5538.5,9.7,21.8,70.4,500000,42750,16.3,43.2,20.6,1.1
Enfield - Town,00AKHE,E05000210,15150,3000,19.8,2.2,6954.5,10.8,20.6,75.9,350000,42300,17.4,50.3,16,1.2
Enfield - Turkey Street,00AKHF,E05000211,14700,3600,24.4,2.3,6434.8,13.4,25.8,60.9,250000,28960,30.2,74.5,30.5,1
Enfield - Upper Edmonton,00AKHG,E05000212,18600,4800,25.7,2.7,6777.8,14.7,30.1,58.4,250000,28480,28.3,120.2,17.6,0.8
Enfield - Winchmore Hill,00AKHH,E05000213,13700,2550,18.6,2.8,4928.6,6.6,19.3,75.1,435000,45880,15.4,43.7,25.2,1.2
Greenwich - Abbey Wood,00ALGP,E05000214,16200,4300,26.4,2.7,5722.2,16.6,28.8,63.6,250000,31540,25.3,77.6,44,0.7
Greenwich - Blackheath Westcombe,00ALGQ,E05000215,13300,2300,17.3,2.1,6047.6,6.8,21.9,75.5,427500,49160,12.1,76.6,15.4,0.8
Greenwich - Charlton,00ALGR,E05000216,14650,3300,22.6,2,7050,12.8,26.4,67.7,363000,37940,20.8,60.7,31.5,0.7
Greenwich - Coldharbour and New Eltham,00ALGS,E05000217,13450,2350,17.4,2.5,5180,10.5,21.9,70.7,325000,38390,25.4,58.1,20,1.1
Greenwich - Eltham North,00ALGT,E05000218,12900,2250,17.6,2.6,4788.5,6.8,16.1,75.1,345000,43120,20,67.2,24.6,1.1
Greenwich - Eltham South,00ALGU,E05000219,13100,2050,15.8,4.6,2717.4,12.1,24.3,64.9,288750,37120,21.5,75.9,54.6,1
Greenwich - Eltham West,00ALGW,E05000220,12500,2700,21.5,2.4,4666.7,13.8,24.4,64,315500,34250,30.8,59.9,30.5,0.9
Greenwich - Glyndon,00ALGX,E05000221,18500,4350,23.6,1.7,10441.2,14.1,24.7,62.5,224995,31690,21.4,60.9,32.6,0.6
Greenwich - Greenwich West,00ALGY,E05000222,18450,3450,18.8,2.8,6053.6,11.1,25.2,68.6,450000,42270,12.8,104,49,0.6
Greenwich - Kidbrooke with Hornfair,00ALGZ,E05000223,14650,2900,19.7,2.4,5854.2,11,24.1,67.3,260050,35740,23.7,70.3,28.2,0.9
Greenwich - Middle Park and Sutcliffe,00ALHA,E05000224,13900,2900,20.8,3.3,4045.5,11.5,25,65.6,292755,35340,25.5,64.4,37,0.9
Greenwich - Peninsula,00ALHB,E05000225,24500,4650,19,4.5,4155.6,7,20.3,74.2,379000,41840,15,107.6,33.7,0.6
Greenwich - Plumstead,00ALHC,E05000226,17050,3950,23.1,2.4,6854.2,14.1,25.3,63.9,249000,32390,21.6,78.7,41,0.7
Greenwich - Shooters Hill,00ALHD,E05000227,13750,2750,20.2,3.8,3486.8,12.8,22.7,69.5,270000,39030,19.4,46.3,57.2,1
Greenwich - Thamesmead Moorings,00ALHE,E05000228,22200,6450,29.1,4.8,4218.8,16.9,28.9,62.9,190000,34450,18.7,70.5,55.4,0.7
Greenwich - Woolwich Common,00ALHF,E05000229,19550,5250,26.7,2.6,6903.8,14,26.6,60.5,267500,30260,21.8,103,39.4,0.6
Greenwich - Woolwich Riverside,00ALHG,E05000230,23050,5550,24,3.2,6359.4,15.4,24.1,64.7,266250,33540,19.9,112.8,34.9,0.5
Hackney - Brownswood,00AMGA,E05000231,13300,1850,13.8,0.8,15187.5,15,28.8,72,440000,40070,14.1,87.3,25.6,0.4
Hackney - Cazenove,00AMGB,E05000232,13800,4050,29.3,0.7,19214.3,12.1,24.5,64.8,375000,38130,23.5,49.7,12.8,0.4
Hackney - Chatham,00AMGC,E05000233,13950,2950,21.1,0.9,15055.6,17.4,23.8,63,415000,32510,21.1,115.3,20.4,0.4
Hackney - Clissold,00AMGD,E05000234,12650,2450,19.3,0.7,17642.9,8.9,17.6,73.3,499950,45450,14.3,75.4,12.3,0.5
Hackney - Dalston,00AMGE,E05000235,15950,2650,16.6,0.9,17000,10.6,26.7,70.4,485000,38230,15.9,158.6,17.1,0.4
Hackney - De Beauvoir,00AMGF,E05000236,15200,2400,15.8,0.9,16000,13.7,30.3,71.1,480000,39060,15.6,147.9,14.2,0.4
Hackney - Hackney Central,00AMGG,E05000237,13200,2300,17.5,0.8,16000,14.4,25.6,66.6,450000,35260,18.4,114.6,14.1,0.3
Hackney - Hackney Downs,00AMGH,E05000238,13400,2600,19.5,1,13100,10.7,25.7,65.1,433000,35700,19.3,80,33.8,0.4
Hackney - Haggerston,00AMGJ,E05000239,15250,2200,14.5,1.2,12166.7,13.5,29,67.4,452500,36080,16.1,162.3,19.1,0.3
Hackney - Hoxton,00AMGK,E05000240,16300,2450,15,0.8,19750,14.8,27.6,62.7,475000,34970,17.7,127.2,27.6,0.3
Hackney - King's Park,00AMGL,E05000241,11650,2800,24.1,1.8,6305.6,14.6,25.5,57.6,383000,31970,24.6,68,66.9,0.5
Hackney - Leabridge,00AMGM,E05000242,14600,2950,20.1,1.1,12954.5,10.7,22.1,65.6,375000,35110,18.5,79.9,23,0.5
Hackney - Lordship,00AMGN,E05000243,12700,3650,28.6,1.2,10333.3,10.1,23.1,64.6,420000,39940,24.2,66.5,33.6,0.5
Hackney - New River,00AMGP,E05000244,14500,4250,29.2,1,13450,18.2,29.1,58.2,340000,35590,29,63.1,28,0.4
Hackney - Queensbridge,00AMGQ,E05000245,14450,2400,16.6,1.1,12727.3,12.9,21.8,67.7,465000,36720,18.8,116.8,15.6,0.4
Hackney - Springfield,00AMGR,E05000246,12800,4200,32.7,1,12500,13.5,23.8,53.8,285000,33570,31.7,73.7,26.5,0.4
Hackney - Stoke Newington Central,00AMGS,E05000247,13050,2100,16.1,0.7,18214.3,10.7,25.6,73.4,483125,42400,14.2,93.3,13.3,0.4
Hackney - Victoria,00AMGT,E05000248,13750,2750,20.1,0.8,16812.5,14.8,28.6,65.6,471250,37350,19.5,93,21,0.4
Hackney - Wick,00AMGU,E05000249,12350,2600,20.9,1.6,7500,15.8,30.8,60.4,340000,32890,22.8,99.8,48.8,0.5
Hammersmith and Fulham - Addison,00ANGA,E05000250,11650,1850,16.1,0.6,19083.3,6.4,23.8,76.2,572500,43970,9.3,107.4,0.3,0.5
Hammersmith and Fulham - Askew,00ANGB,E05000251,14300,2550,17.8,0.8,17562.5,9.5,21.6,71.8,499999.5,38450,13.7,75.4,3.6,0.5
Hammersmith and Fulham - Avonmore and Brook Green,00ANGC,E05000252,12700,1550,12.2,0.9,13722.2,11.1,25.3,69.5,618250,43350,9.3,70.5,8.8,0.5
Hammersmith and Fulham - College Park and Old Oak,00ANGD,E05000253,10700,2100,19.5,3.4,2897.1,12.8,21.8,62.6,458000,30890,23,115.7,43.8,0.4
Hammersmith and Fulham - Fulham Broadway,00ANGE,E05000254,11550,1650,14.4,0.7,16000,8.3,20,72.4,805000,42130,14.8,95.2,3.1,0.5
Hammersmith and Fulham - Fulham Reach,00ANGF,E05000255,11800,1550,13.1,0.9,12777.8,12.1,21.1,71,786250,42010,11.7,98.6,20.9,0.5
Hammersmith and Fulham - Hammersmith Broadway,00ANGG,E05000256,12250,2000,16.3,1.1,10954.5,8.7,23,69.9,741250,39500,15,224.9,9.1,0.5
Hammersmith and Fulham - Munster,00ANGH,E05000257,11150,1900,17.1,0.6,18250,10.3,19.5,76.7,745000,50240,9.7,64.5,8.5,0.7
Hammersmith and Fulham - North End,00ANGJ,E05000258,12650,1600,12.8,0.6,20083.3,8,26,72.7,558000,39510,11.2,64.6,10.7,0.4
Hammersmith and Fulham - Palace Riverside,00ANGK,E05000259,7600,1400,18.2,1.5,5000,9.1,12.7,74.3,950000,53330,9.9,90.8,54.7,0.9
Hammersmith and Fulham - Parsons Green and Walham,00ANGL,E05000260,10850,2100,19.3,0.9,11944.4,9.1,23.4,73.7,1330000,55720,9.5,124.8,9.8,0.8
Hammersmith and Fulham - Ravenscourt Park,00ANGM,E05000261,11000,1950,17.7,1.2,9000,7.7,13.1,72.2,704000,45510,9.9,101.1,16.3,0.6
Hammersmith and Fulham - Sands End,00ANGN,E05000262,13550,2550,18.9,1.4,9321.4,14.5,27.5,69.3,827750,44170,12.8,69.6,25,0.6
Hammersmith and Fulham - Shepherd's Bush Green,00ANGP,E05000263,12950,2100,16.2,1.1,11318.2,10.7,28.1,72,440000,36430,13.9,281.4,9.7,0.4
Hammersmith and Fulham - Town,00ANGQ,E05000264,11350,2050,17.9,0.7,15928.6,12.5,24.3,76.4,690000,47940,9.4,100.7,0,0.6
Hammersmith and Fulham - Wormholt and White City,00ANGR,E05000265,13750,2950,21.5,0.9,14944.4,10.5,28.2,62.2,427500,31860,21.5,71.9,4.6,0.5
Haringey - Alexandra,00APGA,E05000266,12050,2450,20.4,2.6,4596.2,4.5,9.9,76.7,625000,51450,8,63.6,52.2,1
Haringey - Bounds Green,00APGB,E05000267,14400,2550,17.6,1.4,10035.7,10.6,22.8,69,332350,34550,17.3,82,22.8,0.6
Haringey - Bruce Grove,00APGC,E05000268,15050,3250,21.7,0.9,16388.9,14.8,26.4,61.8,325000,30340,22.5,85.2,4.9,0.5
Haringey - Crouch End,00APGD,E05000269,12800,2050,16.2,1.4,8964.3,2.4,11.6,80.9,563750,52070,6.4,67.3,13.9,0.7
Haringey - Fortis Green,00APGE,E05000270,13000,2500,19.4,2,6400,4.6,9.2,75.9,465000,49950,9.2,57.9,24,0.9
Haringey - Harringay,00APGF,E05000271,14100,2150,15.1,1.6,8562.5,7.8,25.9,71.8,430000,37150,14,89.5,45.4,0.5
Haringey - Highgate,00APGG,E05000272,12100,1800,14.8,2.5,4740,3.8,14.9,79,732500,53710,6.4,56.6,41.8,0.8
Haringey - Hornsey,00APGH,E05000273,13100,2300,17.7,1.1,11727.3,8.2,17.2,72.4,419000,40260,13.8,67.2,10,0.6
Haringey - Muswell Hill,00APGJ,E05000274,11050,1900,16.9,1.7,6411.8,2.7,10.2,78.4,820000,53910,8.3,71.7,30.7,0.9
Haringey - Noel Park,00APGK,E05000275,14700,2600,17.8,1.2,11958.3,14.2,31.3,63.2,350000,30620,20.8,200.7,11.5,0.5
Haringey - Northumberland Park,00APGL,E05000276,15150,3800,25.1,1.9,7763.2,17.2,30.5,52.3,252500,25090,29.2,130.5,23,0.5
Haringey - St. Ann's,00APGM,E05000277,16100,2850,17.6,1.1,14000,11.1,27.6,65.6,370000,32460,20.4,71,20,0.5
Haringey - Seven Sisters,00APGN,E05000278,16650,4200,25.3,1.3,12500,10.7,28.6,63.7,372500,33500,24.4,80,21.8,0.5
Haringey - Stroud Green,00APGP,E05000279,12250,1900,15.5,1.1,10909.1,5.8,18.1,77.3,477500,44780,10.1,54,24.7,0.6
Haringey - Tottenham Green,00APGQ,E05000280,15900,3300,20.7,1.4,10928.6,13.9,28.5,61.3,326500,28920,22.7,134.5,10.5,0.4
Haringey - Tottenham Hale,00APGR,E05000281,17300,3850,22.2,1.9,8552.6,16.5,28.8,56.3,251500,27340,24.7,103.7,29,0.5
Haringey - West Green,00APGS,E05000282,14050,2550,18.3,1.4,9821.4,13.8,26.6,63.3,350000,31110,23.9,80.4,38.2,0.5
Haringey - White Hart Lane,00APGT,E05000283,13950,3350,23.9,1.7,8058.8,16.2,26.9,54.8,267000,27010,30,82.1,27.9,0.6
Haringey - Woodside,00APGU,E05000284,15400,2800,18.3,1.5,10000,12,23.5,66.6,345000,32010,20,84.2,26.8,0.6
Harrow - Belmont,00AQFY,E05000285,11650,2350,20.4,1.8,6444.4,7.1,15.9,71.8,435000,42380,15.1,35.3,11,1.5
Harrow - Canons,00AQFZ,E05000286,13500,2600,19.3,5.6,2339.3,13.1,20,71.9,402500,39890,17.8,42.1,57.3,1.3
Harrow - Edgware,00AQGA,E05000287,12050,2550,21.1,1.4,8571.4,11.3,20.6,68.6,357500,33600,22.5,52.6,14.9,1.1
Harrow - Greenhill,00AQGB,E05000288,13100,2500,19.1,1.7,7617.6,10.9,20.5,71.1,272000,37550,11.7,129.9,7.7,0.8
Harrow - Harrow on the Hill,00AQGC,E05000289,12850,2800,21.9,3.6,3527.8,9.8,23,68.2,343000,39630,13.3,57.3,43.4,1
Harrow - Harrow Weald,00AQGD,E05000290,11650,2200,19,4.6,2532.6,12.7,20.5,69.1,384000,36940,19.4,47,56.3,1.3
Harrow - Hatch End,00AQGE,E05000291,10950,2050,18.6,3.3,3303,6.8,22.3,73.2,500000,42350,15.4,41.5,31,1.4
Harrow - Headstone North,00AQGF,E05000292,10400,1800,17.2,3.3,3136.4,4.8,17,73.8,427500,44470,12.9,40.9,49.5,1.4
Harrow - Headstone South,00AQGG,E05000293,11600,2350,20.4,1.5,7666.7,8.1,20.1,71.7,322500,39090,13.1,39.7,14.4,1.1
Harrow - Kenton East,00AQGH,E05000294,11500,2150,18.5,1.3,8846.2,11.6,22.3,68.5,380000,32880,23.4,33.5,7.2,1.2
Harrow - Kenton West,00AQGJ,E05000295,11550,2000,17.3,1.8,6388.9,10.4,21.8,71.6,434475,38400,17.9,40,17.9,1.4
Harrow - Marlborough,00AQGK,E05000296,13000,2900,22.4,1.6,8000,10.9,24.2,68.4,268950,34450,17.1,60.9,8.3,0.9
Harrow - Pinner,00AQGL,E05000297,10300,1850,18,3.3,3106.1,10.4,12.8,71.8,400000,43950,14.7,44.7,28.6,1.3
Harrow - Pinner South,00AQGM,E05000298,10650,2200,20.8,2.4,4416.7,6.4,15.2,75.2,520000,49420,11.4,24.5,22.2,1.4
Harrow - Queensbury,00AQGN,E05000299,12350,2600,21.3,1.6,7687.5,10.5,23.8,68.1,390000,35030,20.8,37.4,23.3,1.2
Harrow - Rayners Lane,00AQGP,E05000300,11450,2350,20.6,1.5,7600,6,17.9,71.5,380000,40310,13.7,33.5,10.7,1.3
Harrow - Roxbourne,00AQGQ,E05000301,13150,3200,24.5,1.5,8733.3,9.5,22.7,64.8,290000,32130,19.2,53.1,15.3,1
Harrow - Roxeth,00AQGR,E05000302,12000,2650,22.2,1.6,7468.8,9.7,22.3,68.6,355000,35110,17.3,64.1,18.4,1.2
Harrow - Stanmore Park,00AQGS,E05000303,11450,2000,17.5,4.5,2544.4,9.3,15.9,68.6,555000,39210,19.7,53.3,45.8,1.4
Harrow - Wealdstone,00AQGT,E05000304,11700,2800,23.8,1.2,9708.3,11.8,23.3,65.1,310000,32080,20.9,54.5,3.3,1
Harrow - West Harrow,00AQGU,E05000305,10700,2150,19.9,1.5,7066.7,7.3,20.6,71.5,363500,40210,13.4,31.2,19.7,1.1
Havering - Brooklands,00ARGC,E05000306,17100,3850,22.4,4.2,3785.7,8,21.9,72.7,207500,35250,24.9,71.9,44.9,1
Havering - Cranham,00ARGD,E05000307,12650,2150,16.8,6.6,1901.5,9,19,75.6,320000,42250,22.2,32.3,55.9,1.3
Havering - Elm Park,00ARGE,E05000308,12700,2350,18.5,3.7,3391.9,11,23.4,73.4,250000,34730,29.6,39.4,55.7,1.1
Havering - Emerson Park,00ARGF,E05000309,12100,1850,15.3,4.6,2608.7,10.5,19.6,74.3,365000,43790,23.1,36.3,31.3,1.6
Havering - Gooshays,00ARGG,E05000310,15400,3600,23.5,7.8,1916.7,14.3,21.9,63,229000,29400,34.2,79.9,68.4,1
Havering - Hacton,00ARGH,E05000311,12600,2000,15.9,2.5,4960,12.1,16.7,75.7,296500,39740,25.3,26.1,24.2,1.3
Havering - Harold Wood,00ARGJ,E05000312,13750,2550,18.6,7.6,1730.3,7.7,17.1,72.2,250000,37010,25.8,67.8,60.7,1.2
Havering - Havering Park,00ARGK,E05000313,13200,2700,20.5,9.8,1326.5,9.7,22.2,69.1,250000,33590,30.4,45.7,75.2,1.3
Havering - Heaton,00ARGL,E05000314,13200,2900,22.1,3.4,3779.4,12.8,24.8,64.3,217000,29560,35.8,68.2,45.3,1
Havering - Hylands,00ARGM,E05000315,13150,2100,15.9,2.9,4500,3.9,16.8,75.6,275000,39890,23.7,55.8,26.1,1.4
Havering - Mawneys,00ARGN,E05000316,13100,2550,19.4,3,4316.7,10.6,21.8,73.2,250000,35820,29.6,52.2,32.1,1.2
Havering - Pettits,00ARGP,E05000317,13050,2200,17,4,3237.5,9.7,11.6,74.9,295000,40010,25.7,40.8,32.4,1.4
Havering - Rainham and Wennington,00ARGQ,E05000318,13150,2500,18.9,16.9,754.4,13.6,24,72.4,240000,34470,29.8,74.1,79,1.3
Havering - Romford Town,00ARGR,E05000319,18700,3650,19.6,2.9,5931,10.2,21,74.4,225000,37160,21,167.9,8.1,0.9
Havering - St. Andrew's,00ARGS,E05000320,13650,2300,16.7,2.7,4981.5,11.5,18.5,76.1,272500,38130,26.2,65.2,18.7,1.2
Havering - South Hornchurch,00ARGT,E05000321,16550,3600,21.6,6.8,2198.5,11.3,23.1,70.5,242000,33160,31.4,56.7,45.1,1.2
Havering - Squirrel's Heath,00ARGU,E05000322,13400,2450,18.1,2.6,5096.2,10.4,22.7,77.3,280250,41740,20,40.8,16.7,1.3
Havering - Upminster,00ARGW,E05000323,12950,2000,15.4,22.5,571.1,6.8,13.5,76.4,420000,47580,19,49.7,82,1.4
Hillingdon - Barnhill,00ASGG,E05000324,14050,3450,24.7,2.1,6595.2,11.5,27.1,65,250000,31800,22.4,81.6,27.7,1.2
Hillingdon - Botwell,00ASGH,E05000325,15950,4200,26.5,4.4,3545.5,9.8,22.6,64,250000,30700,24,96.5,32.2,1.1
Hillingdon - Brunel,00ASGJ,E05000326,14750,2350,15.9,3.3,4424.2,10.3,17.9,57.5,273750,34630,17.6,96.8,40.5,1.1
Hillingdon - Cavendish,00ASGK,E05000327,12100,2400,19.8,2,6000,6.4,16.7,77.6,400000,43970,17.2,33.8,17.7,1.4
Hillingdon - Charville,00ASGL,E05000328,13200,3000,22.7,3,4350,11.3,20.8,71,275000,35410,21.6,52.6,44.9,1.3
Hillingdon - Eastcote and East Ruislip,00ASGM,E05000329,12600,2150,17.2,4.1,3048.8,5.9,12.1,76.8,500000,47380,13.6,41.9,33.4,1.5
Hillingdon - Harefield,00ASGN,E05000330,7750,1550,19.7,15.2,500,10,18.5,75.7,310000,37990,23.8,64.3,85.5,1.4
Hillingdon - Heathrow Villages,00ASGP,E05000331,13250,3050,23.2,23.5,546.8,12.8,23.2,71.7,209000,33170,19.2,272.2,29.5,1.1
Hillingdon - Hillingdon East,00ASGQ,E05000332,13700,3100,22.5,3.6,3722.2,9,19.6,72.4,311000,37250,19.3,55.8,48.2,1.3
Hillingdon - Ickenham,00ASGR,E05000333,10750,1900,17.6,6.2,1725.8,7,13.3,76.6,521000,48770,14.6,33.2,55.7,1.6
Hillingdon - Manor,00ASGS,E05000334,11900,2400,20.1,2,5875,9.3,14.9,80.5,372500,43460,17,38.8,18.1,1.3
Hillingdon - Northwood,00ASGT,E05000335,10850,1750,16.1,7.4,1452.7,4.1,13.9,73.3,470000,46550,13.3,46.3,61,1.3
Hillingdon - Northwood Hills,00ASGU,E05000336,12050,2250,18.9,3.3,3606.1,8.3,20.6,74.3,413500,43320,16.6,53.9,33.3,1.3
Hillingdon - Pinkwell,00ASGW,E05000337,15750,4150,26.2,2.7,5703.7,9.8,23.2,66.8,280000,31830,22,73.6,26.9,1.2
Hillingdon - South Ruislip,00ASGX,E05000338,12950,2650,20.7,7.4,1723,9.3,19.3,77.5,305000,40060,18.3,64.8,62.8,1.2
Hillingdon - Townfield,00ASGY,E05000339,14900,3550,24,3.5,4171.4,10.9,23,63.2,280000,30430,24.7,131.2,30.9,1
Hillingdon - Uxbridge North,00ASGZ,E05000340,13100,2400,18.4,4.6,2771.7,7.4,14.6,74,349950,41470,16.8,100.6,34.4,1.3
Hillingdon - Uxbridge South,00ASHA,E05000341,15000,2050,13.6,3.1,4758.1,12.3,20.9,56.8,259000,34270,14.1,103.3,25.9,1
Hillingdon - West Drayton,00ASHB,E05000342,15250,3600,23.5,3.5,4257.1,10,22.7,69,249997,32680,24.3,81.5,31.9,1.1
Hillingdon - West Ruislip,00ASHC,E05000343,11600,2150,18.6,4.4,2545.5,5.9,12.7,78.2,335000,43470,16.3,65.4,49.5,1.3
Hillingdon - Yeading,00ASHD,E05000344,14250,3800,26.8,2.3,6087,10.4,23.7,66.1,250000,33240,19.8,76.4,33.4,1.1
Hillingdon - Yiewsley,00ASHE,E05000345,13750,3150,22.7,4,3362.5,11,24.5,68.2,225000,32340,23.7,110.1,41.3,1
Hounslow - Bedfont,00ATFY,E05000346,12950,2950,22.8,4.4,2965.9,11.7,28.3,72.2,229000,31870,24,65,52.5,1.1
Hounslow - Brentford,00ATFZ,E05000347,15800,2950,18.5,3.2,4828.1,12.6,22.6,68,370000,35040,17.2,80,42.8,0.8
Hounslow - Chiswick Homefields,00ATGA,E05000348,11650,2200,18.8,2.3,5087,6.7,16.9,76.1,772500,51830,9.3,83.5,42.2,0.9
Hounslow - Chiswick Riverside,00ATGB,E05000349,11700,2300,19.7,2.1,5642.9,6.6,13.3,77.4,650000,49680,9.2,62.2,35.2,1
Hounslow - Cranford,00ATGC,E05000350,12750,2800,22.2,2.7,4722.2,12.7,26.6,65.6,226500,30860,20.2,74.4,26.4,1
Hounslow - Feltham North,00ATGD,E05000351,11850,2400,20.3,3.4,3514.7,12.7,25.9,71.6,270000,32850,26.1,77.4,37,1.1
Hounslow - Feltham West,00ATGE,E05000352,15800,3950,25,3.2,4968.8,14.5,24.2,71.8,225000,34010,20.5,69.8,41.4,1
Hounslow - Hanworth,00ATGF,E05000353,12400,2900,23.6,3.3,3787.9,13.1,27.1,66.9,250000,31150,26.4,72.9,45.6,1
Hounslow - Hanworth Park,00ATGG,E05000354,12250,2600,21.1,3.6,3347.2,14,25.7,72.9,250000,34340,23.4,70.5,41.4,1.1
Hounslow - Heston Central,00ATGH,E05000355,12600,2650,21,1.7,7500,13.5,29.4,66.6,348000,33580,17.3,53,15.8,1.1
Hounslow - Heston East,00ATGJ,E05000356,12700,2600,20.4,2,6400,10.5,22.8,67.5,248000,34030,16.1,63.3,27.1,1.2
Hounslow - Heston West,00ATGK,E05000357,12750,2900,22.9,3.8,3381.6,9,24.6,62.2,280000,29490,21.8,100.3,39.1,1.1
Hounslow - Hounslow Central,00ATGL,E05000358,16200,3300,20.3,1.7,9441.2,11.8,22.2,71.4,249950,35830,12.8,166.8,11.1,0.7
Hounslow - Hounslow Heath,00ATGM,E05000359,15250,3700,24.3,2.8,5446.4,10.8,24.7,67.6,249950,32530,15.7,64,48.6,0.9
Hounslow - Hounslow South,00ATGN,E05000360,11700,2200,19,1.8,6555.6,9.3,16.6,74.1,375000,39920,15.7,41.4,17.9,1.3
Hounslow - Hounslow West,00ATGP,E05000361,13750,2650,19.2,1.6,8437.5,10.7,27.4,69.6,270000,31890,16.3,92.1,10.2,0.9
Hounslow - Isleworth,00ATGQ,E05000362,12150,2700,22.3,2,6125,10.7,20.7,70.6,301000,34790,19.9,69.5,22.6,0.9
Hounslow - Osterley and Spring Grove,00ATGR,E05000363,13350,2600,19.3,6.3,2134.9,8.4,15.8,75.3,345500,42140,10.8,73.2,54.3,1.2
Hounslow - Syon,00ATGS,E05000364,14200,2950,20.7,2.9,4862.1,9.7,23.6,73,365000,37040,16.4,82.2,42.5,0.9
Hounslow - Turnham Green,00ATGT,E05000365,11800,1850,15.8,1.8,6583.3,7.3,15.7,77,634000,47080,9.9,95,7.4,0.8
Islington - Barnsbury,00AUFX,E05000366,12950,1950,15,0.8,15937.5,9.9,23.4,68.1,715000,44970,16.3,131.4,11,0.5
Islington - Bunhill,00AUFY,E05000367,16700,2200,13.1,1.1,14454.5,12.4,22.9,59.8,640000,39200,15.8,179.7,13.5,0.3
Islington - Caledonian,00AUFZ,E05000368,14950,2200,14.8,1.1,13227.3,13,21.9,61.7,447500,35840,21,138.8,16.4,0.4
Islington - Canonbury,00AUGA,E05000369,12500,2250,18.2,0.8,15437.5,9.1,22.7,69.2,550000,40590,19.2,80.2,14.4,0.4
Islington - Clerkenwell,00AUGB,E05000370,12350,1450,11.7,0.9,13444.4,12.9,22.5,62.6,732500,43350,15.1,154.3,9.3,0.4
Islington - Finsbury Park,00AUGC,E05000371,15300,2700,17.6,0.9,16555.6,11.8,27.2,65.4,410000,33620,20.6,161.3,15.9,0.3
Islington - Highbury East,00AUGD,E05000372,12150,2250,18.4,1,11950,6.3,15.7,74.5,667500,47810,13.4,98.2,21.6,0.5
Islington - Highbury West,00AUGE,E05000373,16400,2650,16.2,1.1,14363.6,11.4,17.7,74.5,500000,43800,12.6,88.5,10.6,0.4
Islington - Hillrise,00AUGF,E05000374,12350,2300,18.5,0.8,15125,7.7,19.6,65.7,447500,39090,17.9,74,18.3,0.5
Islington - Holloway,00AUGG,E05000375,16050,2400,15.1,1,15750,13.7,28.8,63.9,405000,35430,18.8,83.3,16.9,0.4
Islington - Junction,00AUGH,E05000376,12950,2000,15.4,1,12600,8.6,15.8,68.4,452000,39470,16.8,115.5,16.6,0.4
Islington - Mildmay,00AUGJ,E05000377,13500,2500,18.3,0.8,16625,13.9,24.4,68.6,525000,39300,17.4,92.3,10.6,0.4
Islington - St. George's,00AUGK,E05000378,13100,2100,16.2,0.8,16062.5,8.7,22.2,67.8,495645,40860,16.5,76.5,8.1,0.5
Islington - St. Mary's,00AUGL,E05000379,12500,1750,13.8,0.9,13500,11.4,21.8,73,650000,46190,15.5,192.2,9.6,0.4
Islington - St. Peter's,00AUGM,E05000380,13200,1950,14.9,0.8,15687.5,9.1,22.9,70.4,667500,43870,17.3,127.1,10.4,0.4
Islington - Tollington,00AUGN,E05000381,13900,2450,17.5,0.8,17062.5,9.1,24.1,68.5,465000,38090,17.3,86.4,13.3,0.4
Kensington and Chelsea - Abingdon,00AWFY,E05000382,10700,1750,16.2,0.6,16916.7,,,66.2,1295000,54690,6.3,83.2,5.9,0.6
Kensington and Chelsea - Brompton,00AWFZ,E05000383,8900,1250,14.2,1,8700,,,69.2,1950000,64320,6.6,185.5,10.8,0.6
Kensington and Chelsea - Campden,00AWGA,E05000384,8250,1400,16.9,0.9,8944.4,5.2,21.4,71.6,1400000,65500,4.5,124.7,27.8,0.7
Kensington and Chelsea - Colville,00AWGB,E05000385,8400,1200,14.4,0.4,20625,14,22,69.9,935000,43560,13.1,172.2,10.5,0.4
Kensington and Chelsea - Courtfield,00AWGC,E05000386,9100,1150,12.8,0.5,17700,,,64.8,1325000,61810,3.8,109,13.4,0.5
Kensington and Chelsea - Cremorne,00AWGD,E05000387,8250,1250,15,0.6,13250,11,21.1,63,1050000,43920,15.4,89.5,29.3,0.5
Kensington and Chelsea - Earl's Court,00AWGE,E05000388,9300,1150,12.1,0.5,18100,6.4,19.5,68.5,783250,44100,8.4,110.4,10,0.4
Kensington and Chelsea - Golborne,00AWGF,E05000389,9600,1650,17.4,0.9,10111.1,13.3,20.6,59.3,533800,30100,22.5,130.9,34.6,0.4
Kensington and Chelsea - Hans Town,00AWGG,E05000390,8850,1250,13.9,0.6,14416.7,,,69.1,1587500,58100,9.2,188.3,8.5,0.6
Kensington and Chelsea - Holland,00AWGH,E05000391,9850,1850,18.6,1,9600,12,16,66.4,1375000,54770,7,70.8,27.7,0.7
Kensington and Chelsea - Norland,00AWGJ,E05000392,8750,1600,18.3,0.7,12214.3,,23,67.4,1343000,53430,14.2,97.2,15.4,0.6
Kensington and Chelsea - Notting Barns,00AWGK,E05000393,9750,1850,19.1,0.6,15750,,23.9,61.8,776000,36690,19.4,99.3,9.3,0.5
Kensington and Chelsea - Pembridge,00AWGL,E05000394,7700,1100,14,0.5,15100,,,74.8,1127500,55710,6.2,177.9,11.9,0.5
Kensington and Chelsea - Queen's Gate,00AWGM,E05000395,9950,1500,14.8,0.6,16166.7,,,66.3,1745000,63630,3.8,88,5.8,0.6
Kensington and Chelsea - Redcliffe,00AWGN,E05000396,9300,1400,15.3,0.7,13000,,23.9,74.3,995000,54550,5.2,80.1,28.1,0.6
Kensington and Chelsea - Royal Hospital,00AWGP,E05000397,7350,1000,13.6,0.9,7944.4,,30.8,72.8,1995000,60600,9,117.9,43.1,0.8
Kensington and Chelsea - St. Charles,00AWGQ,E05000398,9600,1800,18.6,0.7,13285.7,,23.7,63.4,642500,36100,21.5,114.8,21.9,0.5
Kensington and Chelsea - Stanley,00AWGR,E05000399,8250,1300,15.5,0.7,11571.4,7.7,18.6,73,1100000,54990,7.3,118.7,9.1,0.7
Kingston upon Thames - Alexandra,00AXFX,E05000400,9700,1900,19.7,2.7,3537,7.6,20.6,75.1,404975,41390,15.8,34.7,43.7,1.4
Kingston upon Thames - Berrylands,00AXFY,E05000401,9800,1800,18.2,1.5,6466.7,4.6,8.6,74.8,361125,42330,11.9,31.6,10.9,1
Kingston upon Thames - Beverley,00AXFZ,E05000402,10450,2200,20.8,1.9,5447.4,6.5,13.1,71.6,435000,40700,15.2,64.5,26.4,1
Kingston upon Thames - Canbury,00AXGA,E05000403,13300,3100,23.4,1.2,10791.7,3.8,12.1,74.9,449500,45600,9,38.4,7,0.9
Kingston upon Thames - Chessington North and Hook,00AXGB,E05000404,9000,1800,20.1,1.9,4710.5,9.8,23.8,76.4,310000,37230,21.9,43.9,27.5,1.3
Kingston upon Thames - Chessington South,00AXGC,E05000405,10550,2200,20.9,7.6,1375,8.1,24.6,78.5,315000,38310,19.1,47.5,75.7,1.4
Kingston upon Thames - Coombe Hill,00AXGD,E05000406,10750,1950,18.3,4.4,2420.5,4.9,21.4,64.5,480000,45650,10.7,47.8,42.1,1.3
Kingston upon Thames - Coombe Vale,00AXGE,E05000407,10050,2100,20.6,1.6,6250,5.2,12.7,72.4,480000,44320,11.7,26.2,11,1.2
Kingston upon Thames - Grove,00AXGF,E05000408,11800,1950,16.8,1.9,6105.3,6,18.9,66.8,400000,41410,8.5,268.5,23.6,0.8
Kingston upon Thames - Norbiton,00AXGG,E05000409,10600,2150,20.1,1.3,8076.9,11.3,19.6,68.2,341750,34650,17.7,62.4,34.5,0.8
Kingston upon Thames - Old Malden,00AXGH,E05000410,9700,1850,19,1.8,5361.1,6.7,16.4,74,395725,41760,15.7,29.6,21.3,1.4
Kingston upon Thames - St. James,00AXGJ,E05000411,9250,1700,18.2,2.2,4181.8,5.9,14.8,71.9,443567.5,41850,15.9,33.8,28.2,1.3
Kingston upon Thames - St. Mark's,00AXGK,E05000412,10900,1350,12.2,1.4,7785.7,2.9,8.7,69.4,395350,44930,6.7,49.7,23.9,0.9
Kingston upon Thames - Surbiton Hill,00AXGL,E05000413,10950,1900,17.4,1.7,6352.9,4.2,9.8,78.2,396770,43160,10.7,29.6,5.8,1
Kingston upon Thames - Tolworth and Hook Rise,00AXGM,E05000414,10650,2150,20.1,2.6,3961.5,4.9,15.2,76.2,337195,37840,18.4,53.7,33.1,1.2
Kingston upon Thames - Tudor,00AXGN,E05000415,9850,2150,22,1.6,6125,3.3,11.6,76.9,550000,48530,10.1,33.1,22.7,1.2
Lambeth - Bishop's,00AYFZ,E05000416,11400,1250,10.9,1.5,7066.7,15.6,22.2,66.2,590000,40360,14.5,243.6,31.6,0.4
Lambeth - Brixton Hill,00AYGA,E05000417,16650,2650,16,1.1,14863.6,9.9,20.2,75.3,420000,39050,13.8,91.5,13.1,0.5
Lambeth - Clapham Common,00AYGB,E05000418,13600,2150,15.8,1.3,10192.3,12.7,20.2,80.3,620000,49520,8.3,85.6,27.9,0.7
Lambeth - Clapham Town,00AYGC,E05000419,14850,2150,14.3,1.1,13045.5,12,24.5,80,610000,44960,10.9,142.5,13.1,0.5
Lambeth - Coldharbour,00AYGD,E05000420,17500,3550,20.2,1.2,14333.3,12.9,24.3,64.9,435000,32220,17.6,180.9,14.4,0.4
Lambeth - Ferndale,00AYGE,E05000421,16400,2050,12.5,0.9,17555.6,15.2,32.6,77,497475,39480,13.3,145.6,10.3,0.4
Lambeth - Gipsy Hill,00AYGF,E05000422,13900,3150,22.7,1.6,8625,13.3,27.5,69.7,350000,36650,18.4,79.6,25.7,0.6
Lambeth - Herne Hill,00AYGG,E05000423,15600,2950,19,2,7700,9.9,19.5,75.3,432500,41700,12.2,92.4,37.9,0.5
Lambeth - Knight's Hill,00AYGH,E05000424,15200,3450,22.6,1.5,9966.7,9.1,21.3,68.8,355000,36950,15.9,74.6,13.3,0.6
Lambeth - Larkhall,00AYGJ,E05000425,18000,2900,16,1.1,16181.8,10.8,28.6,73.5,430000,37260,13.9,92.8,20,0.4
Lambeth - Oval,00AYGK,E05000426,16600,2300,13.7,1.3,12269.2,9.9,25.2,74.3,699995,39200,13,127.4,24.9,0.4
Lambeth - Prince's,00AYGL,E05000427,15400,2550,16.5,1.2,12458.3,10,23.9,71.1,495000,37600,16.3,119.3,20.7,0.4
Lambeth - St. Leonard's,00AYGM,E05000428,15200,2800,18.3,1.4,10642.9,8.8,20.9,75.6,340000,39880,12.6,104,12.1,0.6
Lambeth - Stockwell,00AYGN,E05000429,15250,2800,18.4,0.9,16777.8,15,25.7,71.2,391375,35050,16.2,83.7,13.2,0.4
Lambeth - Streatham Hill,00AYGP,E05000430,15150,2700,18,1.3,11307.7,13.2,20.9,74.6,359000,39250,13.5,76.9,14.1,0.6
Lambeth - Streatham South,00AYGQ,E05000431,14750,2950,20,1.7,8558.8,9.5,23.9,70.4,375000,36710,17,74.9,26,0.8
Lambeth - Streatham Wells,00AYGR,E05000432,15250,3050,19.8,1.5,10066.7,9.6,20.9,74.2,345875,38270,13.9,72.7,18.3,0.6
Lambeth - Thornton,00AYGS,E05000433,14000,2800,19.9,1.1,12045.5,9.7,26.6,74.3,511250,41880,14.2,55.2,22.4,0.6
Lambeth - Thurlow Park,00AYGT,E05000434,13800,3150,22.7,1.5,9133.3,8.9,18.2,74,412747.5,41600,12.7,73.2,19.7,0.7
Lambeth - Tulse Hill,00AYGU,E05000435,16250,3300,20.3,1,16000,13.6,27.1,70.5,417000,35610,14.7,80.3,16.6,0.5
Lambeth - Vassall,00AYGW,E05000436,15600,2600,16.5,1.1,13590.9,15.4,27.7,67.6,395000,34830,16,81,16.8,0.4
Lewisham - Bellingham,00AZGD,E05000437,15300,3700,24.1,3.1,4854.8,11.9,28.2,64.9,265000,31340,25.4,94,46.7,0.7
Lewisham - Blackheath,00AZGE,E05000438,15000,2700,18.1,2.3,6304.3,9.6,22.6,74.1,385000,44870,13.2,83.9,34.6,0.7
Lewisham - Brockley,00AZGF,E05000439,18550,2950,15.8,1.7,10558.8,9.8,24.8,71.3,330000,38100,11.8,78.8,13.3,0.5
Lewisham - Catford South,00AZGG,E05000440,15650,3200,20.6,1.9,8157.9,10.5,23.5,70.2,332500,39070,17.3,44.8,3,0.9
Lewisham - Crofton Park,00AZGH,E05000441,15350,3200,20.8,1.7,8882.4,6.8,19.6,73.9,455000,42560,15.3,58.4,20.7,0.7
Lewisham - Downham,00AZGJ,E05000442,15000,3500,23.4,2.4,6145.8,12.2,26.7,63.6,242500,30880,30.2,78.9,30.1,0.7
Lewisham - Evelyn,00AZGK,E05000443,18550,4250,22.9,1.8,9777.8,13.4,27,63.7,315000,30560,19.1,69.6,22.6,0.4
Lewisham - Forest Hill,00AZGL,E05000444,15300,3300,21.5,1.8,8388.9,9,22,73.6,340000,40960,13.9,69.9,22.2,0.7
Lewisham - Grove Park,00AZGM,E05000445,15100,3100,20.5,2.4,6208.3,10.6,24.2,69.3,250000,36150,22.5,50.6,21.6,0.9
Lewisham - Ladywell,00AZGN,E05000446,15200,2750,17.9,1.6,9281.3,7.3,26.8,70.5,370000,40290,12.8,55,25.7,0.7
Lewisham - Lee Green,00AZGP,E05000447,15050,3000,20,1.8,8222.2,8.6,18.8,75.1,402500,42760,14.6,60.9,11.7,0.7
Lewisham - Lewisham Central,00AZGQ,E05000448,20250,4050,20,2.1,8976.2,12,25.3,69.6,290000,35760,16.1,134.9,13.8,0.5
Lewisham - New Cross,00AZGR,E05000449,17650,3550,20,1.8,9305.6,15.6,27.5,64.6,242000,31520,17.9,108.5,16.5,0.5
Lewisham - Perry Vale,00AZGS,E05000450,16050,3350,20.8,1.7,9323.5,9.7,24,72.9,355000,39130,16.2,54.6,9.7,0.7
Lewisham - Rushey Green,00AZGT,E05000451,16650,3800,22.7,1.8,8777.8,13.7,20.1,66.2,270000,34670,18,118.7,24,0.6
Lewisham - Sydenham,00AZGU,E05000452,16150,3350,20.7,1.7,9352.9,10.6,27.5,69.1,350000,37060,18.7,73.2,13.1,0.7
Lewisham - Telegraph Hill,00AZGW,E05000453,17250,3250,18.8,1.5,11233.3,11.3,23.4,70.6,360000,37230,14.4,51.1,16.5,0.6
Lewisham - Whitefoot,00AZGX,E05000454,15050,3650,24.2,2.2,6659.1,12.6,24.9,64.8,248000,32840,25.9,70.4,27.9,0.8
Merton - Abbey,00BAFX,E05000455,10600,1950,18.6,1.4,7607.1,4.1,14.7,80.3,482500,45370,10.1,71.6,12.8,0.7
Merton - Cannon Hill,00BAFY,E05000456,9500,1700,17.9,2.2,4340.9,6.2,22,75.9,455000,42320,17,35.4,42.7,1.2
Merton - Colliers Wood,00BAFZ,E05000457,11250,1900,16.7,1.1,10181.8,10.5,17.3,76.7,350000,38780,13.3,79.1,14.6,0.7
Merton - Cricket Green,00BAGA,E05000458,11800,2850,24.1,3,3933.3,11.9,24,65.7,245000,29930,24.5,78.5,50,0.7
Merton - Dundonald,00BAGB,E05000459,9650,1800,18.8,1.2,8000,,11.9,83.2,565000,49910,7.8,60.4,15.3,0.8
Merton - Figge's Marsh,00BAGC,E05000460,11700,2850,24.5,1.1,10545.5,13.5,27,66.3,250000,30860,21,78.8,23,0.8
Merton - Graveney,00BAGD,E05000461,10100,2000,19.8,0.9,11222.2,12.4,27.2,71.6,388000,35580,15.8,55.6,12.3,0.9
Merton - Hillside,00BAGE,E05000462,9250,1400,15,1.2,7708.3,5.1,,79.8,563750,51480,6.4,56.7,5.6,0.8
Merton - Lavender Fields,00BAGF,E05000463,10650,2300,21.4,1.2,8875,12.7,25.5,72.6,280000,33360,18.1,57.9,18.6,0.8
Merton - Longthornton,00BAGG,E05000464,10500,2300,21.6,1.5,6966.7,14.6,23.5,69.9,295000,34350,19.1,50.9,36.6,1
Merton - Lower Morden,00BAGH,E05000465,9350,1750,18.9,1.8,5194.4,9.3,18.1,78.1,320000,38730,20.9,33.1,34,1.3
Merton - Merton Park,00BAGJ,E05000466,9750,1950,19.9,1.8,5444.4,4.7,11.5,75.2,522500,46300,11.5,54.8,18.8,1
Merton - Pollards Hill,00BAGK,E05000467,10800,2550,23.7,2.2,4863.6,10.9,26.2,67.8,288000,31940,21.7,60.2,52.8,1
Merton - Ravensbury,00BAGL,E05000468,10250,2250,21.7,1.8,5694.4,12.4,24.2,69,285000,32330,23.7,63.7,37.8,0.9
Merton - Raynes Park,00BAGM,E05000469,10000,2050,20.5,1.9,5263.2,2,11.8,77.6,499500,49340,9.7,43.9,24.4,1
Merton - St. Helier,00BAGN,E05000470,10650,2350,22,1.8,5944.4,11.9,21.8,69.4,280000,32530,23.7,51.4,41.6,0.9
Merton - Trinity,00BAGP,E05000471,10000,2050,20.5,1.1,9136.4,6.4,17.1,80.7,497000,47380,9.2,83.9,15.7,0.8
Merton - Village,00BAGQ,E05000472,8750,1650,18.9,6.2,1411.3,,,71.3,1530000,62200,6.8,52.2,62.2,1.4
Merton - West Barnes,00BAGR,E05000473,10200,2150,20.9,2,5075,5.5,18,76.5,475000,44170,13.9,49.6,32.4,1.1
Merton - Wimbledon Park,00BAGS,E05000474,11500,2700,23.6,2.3,5021.7,4.2,13.3,78.4,732500,50730,7.8,42.2,28.5,1
Newham - Beckton,00BBGB,E05000475,16700,3650,22,6.3,2539.7,13,21.4,60.3,233500,34100,19.2,125.2,30.9,0.7
Newham - Boleyn,00BBGC,E05000476,16350,4050,24.9,0.9,18055.6,13,29.1,58.2,250000,31630,22.4,69.8,6.1,0.6
Newham - Canning Town North,00BBGD,E05000477,16650,3550,21.4,2.5,6300,15,29.5,59.5,249000,28910,25.7,93.9,21.6,0.5
Newham - Canning Town South,00BBGE,E05000478,20350,4050,19.8,1.8,10166.7,14.3,27.8,64.4,280000,32870,22.6,64.8,26.6,0.5
Newham - Custom House,00BBGF,E05000479,14850,3500,23.5,2.1,6738.1,12.2,26.5,62.8,250000,31840,25.3,108.1,30.6,0.7
Newham - East Ham Central,00BBGG,E05000480,16200,3650,22.4,1,16200,13.4,26.1,58,250000,32380,19.3,111.8,10.8,0.6
Newham - East Ham North,00BBGH,E05000481,14250,3050,21.5,0.9,15722.2,10.7,24.9,56.3,249995,32340,19.9,54.7,12.4,0.7
Newham - East Ham South,00BBGJ,E05000482,16250,4250,26.3,1.8,8861.1,10.4,26.5,59,240000,31430,24.3,67.1,23.5,0.7
Newham - Forest Gate North,00BBGK,E05000483,16550,3500,21.2,1.2,13750,16.2,24.3,64.7,313000,34270,17.8,64.7,13.8,0.6
Newham - Forest Gate South,00BBGL,E05000484,18150,3650,20.2,1.2,14875,10.7,27.7,62.1,263900,34550,17.6,87.9,2.2,0.6
Newham - Green Street East,00BBGM,E05000485,16250,3650,22.3,0.7,23071.4,9.5,25.8,55.4,260000,31570,20.3,60.1,2.4,0.6
Newham - Green Street West,00BBGN,E05000486,15500,3350,21.5,0.8,19187.5,12.6,20.8,54.3,250000,31080,21.6,71.2,3.2,0.7
Newham - Little Ilford,00BBGP,E05000487,17100,4750,27.9,1.9,8921.1,12.8,26.5,53,230000,29730,23.2,75.6,48.6,0.6
Newham - Manor Park,00BBGQ,E05000488,15600,3750,24,1.3,11923.1,10.9,26.1,55.8,249974.5,31580,20.7,66.8,26.6,0.7
Newham - Plaistow North,00BBGR,E05000489,15800,3700,23.4,1,15700,13,23.7,58.4,250000,30740,23.6,61.9,10.7,0.5
Newham - Plaistow South,00BBGS,E05000490,16800,4700,27.9,1.4,11892.9,14.7,27.6,61.8,250000,31750,21.8,92,14.6,0.6
Newham - Royal Docks,00BBGT,E05000491,16550,3450,20.8,4.8,2843.8,12.4,31.4,71.9,303500,38580,14.1,71.5,56.8,0.7
Newham - Stratford and New Town,00BBGU,E05000492,26700,3700,13.9,4.2,5333.3,11.3,23,68.9,280000,35840,13.9,240.9,44.7,0.4
Newham - Wall End,00BBGW,E05000493,15150,3850,25.4,1.4,10750,10.2,24.3,57.1,250000,32330,19.6,46.6,33.9,0.7
Newham - West Ham,00BBGX,E05000494,16150,3300,20.3,1.3,12269.2,14.5,27.2,63.1,273500,32310,20.9,58.8,27.2,0.5
Redbridge - Aldborough,00BCFY,E05000495,15800,3500,22.3,8.6,1796.5,11.5,21.4,67.4,315000,37310,19.6,66.3,78.2,1.1
Redbridge - Barkingside,00BCFZ,E05000496,13150,2600,19.7,1.5,8766.7,7.6,21.5,67.3,368750,39620,17.2,50.5,1.3,1.2
Redbridge - Bridge,00BCGA,E05000497,11850,2350,20,2.6,4596.2,9.6,17.9,73.2,340000,39320,19.9,58.6,35.8,1.1
Redbridge - Chadwell,00BCGB,E05000498,14850,3750,25.4,1.5,9900,13.6,27.4,68.4,250000,36700,18.5,54.5,5,1
Redbridge - Church End,00BCGC,E05000499,11900,2300,19.5,1.5,7966.7,7.9,15.6,79.3,340000,45410,12.3,61,4.8,1.1
Redbridge - Clayhall,00BCGD,E05000500,13600,2650,19.5,2.5,5480,6.9,23.1,67.8,390000,41450,17,54,22,1.4
Redbridge - Clementswood,00BCGE,E05000501,16950,4750,27.9,1.3,12423.1,10.9,20.9,56.5,235000,30230,18.6,136.7,7.1,0.8
Redbridge - Cranbrook,00BCGF,E05000502,13300,2900,21.6,2.4,5562.5,12.2,18.7,62.8,367500,38290,17.6,73,39.9,1.2
Redbridge - Fairlop,00BCGG,E05000503,12900,2700,20.8,3.6,3611.1,11.3,26.5,70.8,310000,37560,21.2,57.7,48.4,1.2
Redbridge - Fullwell,00BCGH,E05000504,13150,2750,20.9,2.2,6045.5,9.8,26.3,66.7,339497.5,35690,23.4,55.4,23.7,1.2
Redbridge - Goodmayes,00BCGJ,E05000505,13400,3400,25.3,1.6,8437.5,13,22.5,61,307000,33820,18.1,70.3,27.7,1
Redbridge - Hainault,00BCGK,E05000506,13550,3050,22.7,5.6,2410.7,9.7,26.2,65.1,249999,31520,28.9,60.4,62.6,1
Redbridge - Loxford,00BCGL,E05000507,17700,5150,29.2,1.3,13423.1,11.8,25.7,53.5,193000,28500,20.1,86.2,16.8,0.7
Redbridge - Mayfield,00BCGM,E05000508,13950,3400,24.4,1.9,7394.7,12.6,23.1,63.5,305000,35630,20.5,52.5,14.3,1.2
Redbridge - Monkhams,00BCGN,E05000509,10650,1750,16.5,3.1,3451.6,7.5,12.3,76.2,499747.5,48780,15,48.1,31,1.4
Redbridge - Newbury,00BCGP,E05000510,17450,4350,24.8,2.1,8309.5,14.9,22.4,63.2,315000,35550,17.4,54.9,21.4,1.1
Redbridge - Roding,00BCGQ,E05000511,12550,2900,23.3,2.3,5434.8,8.9,21.3,73.8,302500,41040,15.9,50.3,35.7,1.1
Redbridge - Seven Kings,00BCGR,E05000512,16950,4200,24.9,2.1,7809.5,8.9,26.1,60.1,294000,34480,18.4,87.3,21.4,1
Redbridge - Snaresbrook,00BCGS,E05000513,12100,2150,17.8,2,6100,5.6,13.8,78.1,361392.5,45160,14.9,51.8,12.6,1
Redbridge - Valentines,00BCGT,E05000514,15050,3950,26.2,1.5,9900,9.7,24.6,60.6,225000,34900,16.6,104.5,13.3,0.8
Redbridge - Wanstead,00BCGU,E05000515,11700,2350,20,5.2,2278.8,9.5,18.6,74.5,460000,46370,15.2,71.8,66.5,1.1
Richmond upon Thames - Barnes,00BDFW,E05000516,10500,2100,19.9,3,3500,4.8,14.7,72.3,1362500,55450,9.1,55.7,54.4,1
Richmond upon Thames - East Sheen,00BDFX,E05000517,10500,2500,23.6,5.8,1810.3,5,7.6,78.2,985000,56090,6.6,48.7,76.6,1.1
Richmond upon Thames - Fulwell and Hampton Hill,00BDFY,E05000518,10300,2250,21.8,1.9,5421.1,5.6,9,79.6,480000,48810,10.8,44.7,32.7,1.1
"Richmond upon Thames - Ham, Petersham & Richmond Riverside",00BDFZ,E05000519,10550,2000,19,9.4,1122.3,5,13.2,73.4,500000,44870,14.1,56,81.9,1
Richmond upon Thames - Hampton,00BDGA,E05000520,10250,2050,20.1,6.9,1478.3,5.3,14.6,77.2,599950,46750,12.5,49.7,74.7,1.2
Richmond upon Thames - Hampton North,00BDGB,E05000521,9600,1850,19.4,1.9,5052.6,7.8,19.7,73.5,335000,39440,17.6,47.9,28.2,1.2
Richmond upon Thames - Hampton Wick,00BDGC,E05000522,10550,2150,20.3,2.7,3888.9,6.4,10.1,73.1,455000,46760,10,46.2,50,1.1
Richmond upon Thames - Heathfield,00BDGD,E05000523,10600,2100,19.9,1.9,5552.6,9.6,18.9,70.8,380500,36950,20.4,55.3,27.1,1.2
Richmond upon Thames - Kew,00BDGE,E05000524,11650,2450,21,3.6,3236.1,3.5,12.6,77.1,630000,52130,7.5,56.7,56.7,1
Richmond upon Thames - Mortlake and Barnes Common,00BDGF,E05000525,11100,2600,23.4,1.9,5815.8,5.3,11.3,77.9,746500,50100,9.8,64.1,39.1,0.9
Richmond upon Thames - North Richmond,00BDGG,E05000526,11050,2200,19.9,2.8,3910.7,4.7,11.2,78.4,625625,50860,10.2,58.6,54.1,0.9
Richmond upon Thames - St. Margarets & North Twickenham,00BDGH,E05000527,11800,2750,23.1,2,5775,4,8.9,80.8,600000,52870,6.6,58.3,23.6,1.1
Richmond upon Thames - South Richmond,00BDGJ,E05000528,11100,1900,17.1,2.7,4092.6,4.7,9.9,76,655000,52690,7.1,110.7,47.4,0.9
Richmond upon Thames - South Twickenham,00BDGK,E05000529,10100,2000,19.6,1.7,5970.6,5.8,8.7,76.8,555500,51380,6.4,35.3,26.7,1.1
Richmond upon Thames - Teddington,00BDGL,E05000530,10550,2050,19.3,4.3,2453.5,7.4,5.9,79.9,499950,50600,7.7,46.4,64,1.1
Richmond upon Thames - Twickenham Riverside,00BDGM,E05000531,10650,2000,19,2,5325,3.2,7.6,80.7,458725,51350,6.2,66.7,37.8,0.9
Richmond upon Thames - West Twickenham,00BDGN,E05000532,10750,2400,22.5,2.5,4280,5.3,10.8,79.5,450000,45040,13.4,55.2,45.6,1.1
Richmond upon Thames - Whitton,00BDGP,E05000533,10050,1900,19.1,1.6,6250,9.3,14.5,76.5,420000,42230,17,49.6,21.2,1.2
Southwark - Brunswick Park,00BEGC,E05000534,13600,2700,19.8,0.9,14833.3,11.9,27.4,66.8,346500,36310,15.2,104.8,7,0.5
Southwark - Camberwell Green,00BEGD,E05000535,15950,3400,21.3,1,15450,16.3,31.7,64.6,310000,31840,19.3,111.2,1.6,0.4
Southwark - Cathedrals,00BEGE,E05000536,17250,1700,9.9,1.8,9027.8,11.4,22.8,62.9,580000,40430,12.7,184.9,15.7,0.4
Southwark - Chaucer,00BEGF,E05000537,16200,2300,14.3,0.8,19750,12.8,23.3,66.4,442000,37780,11.3,114.4,5.6,0.4
Southwark - College,00BEGG,E05000538,11900,2450,20.6,3.2,3687.5,14.1,24.7,71.1,350000,42600,13.6,73.3,43.7,0.8
Southwark - East Dulwich,00BEGH,E05000539,12400,2500,20,1,12250,5.9,19.3,79.2,572500,48670,12.3,60.3,0.7,0.7
Southwark - East Walworth,00BEGJ,E05000540,13850,2450,17.8,1.1,11545.5,16.4,35,62.5,315000,31010,20.8,159.3,24.1,0.4
Southwark - Faraday,00BEGK,E05000541,13050,3000,23,0.9,14333.3,19,30.2,62.3,315000,30760,21.8,97.4,30,0.4
Southwark - Grange,00BEGL,E05000542,17600,2500,14.1,1.2,13750,14.3,27.1,69.1,500000,38500,15.7,106.2,4.5,0.4
Southwark - Livesey,00BEGM,E05000543,15000,3450,22.9,1.4,10357.1,15,31.6,60.3,289995,28880,23.8,98.2,4.5,0.4
Southwark - Newington,00BEGN,E05000544,15500,2600,16.9,0.8,18562.5,13.7,26.6,66.3,380000,34190,19.4,110.4,3.7,0.4
Southwark - Nunhead,00BEGP,E05000545,13850,2850,20.7,1.3,10538.5,14.5,24.8,65,356250,33540,21.1,68.7,20.1,0.5
Southwark - Peckham,00BEGQ,E05000546,15350,3650,23.7,0.9,16666.7,15.9,30.1,61.2,285000,30030,19.6,95.7,7,0.5
Southwark - Peckham Rye,00BEGR,E05000547,13550,2950,21.7,2.3,5847.8,9.2,19.7,74.9,421000,42820,13.8,56.5,45.7,0.7
Southwark - Riverside,00BEGS,E05000548,16600,2250,13.6,1.3,11923.1,9.8,24.1,74.9,585000,43110,13.5,101.9,23.2,0.5
Southwark - Rotherhithe,00BEGT,E05000549,15050,2650,17.7,1.5,9600,10.3,31.6,69.3,421800,36970,17.5,97.5,34.1,0.5
Southwark - South Bermondsey,00BEGU,E05000550,14400,2850,19.8,1,14050,11.2,29.6,64.8,288025,31150,21.9,103.3,3,0.5
Southwark - South Camberwell,00BEGW,E05000551,13200,2550,19.2,1.3,9884.6,10.2,23.9,70.7,396089,41130,12.4,52.2,19.9,0.6
Southwark - Surrey Docks,00BEGX,E05000552,15400,1950,12.7,1.9,7605.3,8.5,23.2,77.7,415000,45410,11.8,53.7,40.3,0.6
Southwark - The Lane,00BEGY,E05000553,16450,3550,21.6,1.4,11357.1,13.2,29.2,68.9,407500,37940,17.5,138.1,6,0.5
Southwark - Village,00BEGZ,E05000554,12500,2800,22.3,2.8,4446.4,6.6,12,77.2,850000,58400,9.4,57.5,33.8,1
Sutton - Beddington North,00BFGC,E05000555,10550,2200,20.7,5,2110,6.3,20.4,77.2,289000,39290,19.8,59.6,53,1.3
Sutton - Beddington South,00BFGD,E05000556,10900,2350,21.4,3.1,3548.4,8.6,21.8,69.1,386000,35600,21,52.9,39,1.3
Sutton - Belmont,00BFGE,E05000557,10350,1900,18.5,2.3,4500,7.9,17.2,76.2,290000,44260,13.7,35.6,19,1.2
Sutton - Carshalton Central,00BFGF,E05000558,10400,2050,19.8,2,5200,6.4,13.1,78.6,318000,42200,15.4,44.4,26.9,1.2
Sutton - Carshalton South and Clockhouse,00BFGG,E05000559,10200,2150,20.8,7.1,1422.5,5.9,14.6,76.5,419995,44270,15.5,34.1,68.2,1.5
Sutton - Cheam,00BFGH,E05000560,10550,1950,18.5,3.9,2705.1,7.1,12.5,76.4,376000,46220,14.6,33.9,24.7,1.5
Sutton - Nonsuch,00BFGJ,E05000561,10900,1900,17.5,1.9,5736.8,4.6,10.7,79.1,388500,42640,18.6,44.4,10.4,1.4
Sutton - St. Helier,00BFGK,E05000562,12300,3050,24.7,1.5,8200,11.5,26.5,69.6,248000,31040,27.3,71.9,25.8,1
Sutton - Stonecot,00BFGL,E05000563,11000,2050,18.7,2,5500,8.5,20.3,77.9,347500,39210,20.5,48.5,21.5,1.4
Sutton - Sutton Central,00BFGM,E05000564,11550,2500,21.4,1.3,8769.2,9.1,20.6,75.6,240000,35660,18.6,158.4,12.9,0.8
Sutton - Sutton North,00BFGN,E05000565,10600,2200,20.9,1.9,5605.3,9.5,20.2,75.6,300500,38060,21.6,46.1,28.5,1.1
Sutton - Sutton South,00BFGP,E05000566,10000,1700,16.9,1.3,7653.8,8.2,18.2,78.1,250000,40460,15.7,42.5,8.1,0.9
Sutton - Sutton West,00BFGQ,E05000567,10900,2050,18.6,1.8,6055.6,8.3,17.2,79.3,270000,41610,13.5,33.8,23.1,1.1
Sutton - The Wrythe,00BFGR,E05000568,10500,2100,20.2,1.5,7000,8,24,77.5,257500,36790,22.2,61.4,18,1.1
Sutton - Wallington North,00BFGS,E05000569,10900,2250,20.8,1.6,6843.8,7.2,15.7,76.8,272000,38710,16.4,50.6,19.2,1.1
Sutton - Wallington South,00BFGT,E05000570,10650,2000,18.8,1.7,6235.3,8.3,24.5,74.2,246000,37960,18.7,50.5,9.5,1.1
Sutton - Wandle Valley,00BFGU,E05000571,12250,3000,24.5,2.1,5761.9,10,22.8,72,243500,32330,23.7,65.6,40.5,1
Sutton - Worcester Park,00BFGW,E05000572,11950,2650,22.1,2,5975,8,18.2,78.9,338000,40610,17.2,44.6,22.3,1.2
Tower Hamlets - Bethnal Green North,00BGFW,E05000573,14750,2650,17.8,0.8,17812.5,15.5,25.7,64.6,383000,36230,22.1,119,6.3,0.4
Tower Hamlets - Bethnal Green South,00BGFX,E05000574,15150,2900,19,0.9,16333.3,14.5,24.7,55.9,357500,32860,21.4,121.3,16.9,0.3
Tower Hamlets - Blackwall and Cubitt Town,00BGFY,E05000575,23250,4350,18.8,3,7116.7,10.8,25.5,70.8,380000,43330,14.6,60.3,42.2,0.5
Tower Hamlets - Bow East,00BGFZ,E05000576,15650,2750,17.7,1.9,8026.3,14.3,24.8,68.9,325000,36800,21.4,98.9,39,0.4
Tower Hamlets - Bow West,00BGGA,E05000577,13650,2700,19.6,1.3,10230.8,10.6,22.8,66.3,415000,41000,20.3,98.5,42.8,0.5
Tower Hamlets - Bromley-by-Bow,00BGGB,E05000578,19750,4850,24.6,1.1,15500,12.5,24.2,55.1,302500,31980,25.5,79.3,11.6,0.4
Tower Hamlets - East India and Lansbury,00BGGC,E05000579,16550,4250,25.8,1.2,13000,12.8,24.5,52.9,293000,29680,30.7,108.4,12.4,0.4
Tower Hamlets - Limehouse,00BGGD,E05000580,17100,3800,22.1,1.1,15000,12.5,28.1,64,375000,36260,21.9,88.8,23.3,0.5
Tower Hamlets - Mile End and Globe Town,00BGGE,E05000581,16200,2950,18.3,0.9,17555.6,13.4,24.4,55.4,385000,34300,19.5,86.6,12.5,0.4
Tower Hamlets - Mile End East,00BGGF,E05000582,15200,3400,22.4,1.1,12954.5,11.8,30,56.1,325000,32510,23.3,87.3,33.3,0.4
Tower Hamlets - Millwall,00BGGG,E05000583,26350,4500,17,2.5,9860,9,25.9,73.6,420000,46940,11.4,74.4,35,0.5
Tower Hamlets - St. Dunstan's and Stepney Green,00BGGH,E05000584,17100,3800,22.2,1,16650,12.4,26.1,55.4,363250,32930,26.9,78.5,21.2,0.4
Tower Hamlets - St. Katherine's and Wapping,00BGGJ,E05000585,13550,2000,14.8,1.5,8633.3,10.7,20.6,76.5,453000,50770,12.3,96,36.9,0.6
Tower Hamlets - Shadwell,00BGGK,E05000586,15900,3700,23.2,1,15450,15.2,26.6,60.7,370000,36360,21.3,86.9,24.2,0.4
Tower Hamlets - Spitalfields and Banglatown,00BGGL,E05000587,11800,1650,13.8,0.6,18416.7,14.2,24.8,60.9,499995,39910,17.2,188.8,1.4,0.3
Tower Hamlets - Weavers,00BGGM,E05000588,15050,2500,16.5,0.8,17687.5,14.6,26.9,67,510000,37760,20.6,136.8,15.4,0.3
Tower Hamlets - Whitechapel,00BGGN,E05000589,17300,3000,17.4,0.9,17888.9,13.4,25.7,65,489000,37600,17.1,105.3,5.4,0.3
Waltham Forest - Cann Hall,00BHFX,E05000590,14350,3200,22.2,0.9,15833.3,10.8,24,63.8,326000,32700,19.2,61.2,5,0.6
Waltham Forest - Cathall,00BHFY,E05000591,13300,2950,22.2,1.1,12000,11.9,25.1,62.7,332500,30950,19.3,64.2,23.5,0.5
Waltham Forest - Chapel End,00BHFZ,E05000592,14600,3600,24.6,1.8,8055.6,10.1,22.7,68.9,340000,36440,18.7,73,31.2,0.9
Waltham Forest - Chingford Green,00BHGA,E05000593,10550,1850,17.3,3.7,2851.4,8.4,17.8,73.4,330000,39280,24.2,69,54.9,1.1
Waltham Forest - Endlebury,00BHGB,E05000594,11150,1900,17,2,5525,8.9,19.7,70.4,310000,38580,23.5,43.9,18.5,1.3
Waltham Forest - Forest,00BHGC,E05000595,13250,2750,20.6,2,6550,9.4,22.8,65.2,401000,36080,19.3,81.6,40.4,0.8
Waltham Forest - Grove Green,00BHGD,E05000596,15300,3300,21.7,0.9,16833.3,10.8,30.8,70.3,308000,36350,15.7,52.4,4.3,0.6
Waltham Forest - Hale End and Highams Park,00BHGE,E05000597,12200,2650,21.9,2.3,5195.7,6.9,19.8,71.1,288747.5,39490,20,52.1,41.4,1.1
Waltham Forest - Hatch Lane,00BHGF,E05000598,11400,2250,19.5,2.4,4729.2,8.1,18.1,69.9,286500,36110,26.2,64.4,37.7,1.1
Waltham Forest - High Street,00BHGG,E05000599,14850,3200,21.6,3.1,4725.8,10,24.4,69.4,333000,34810,18.3,151.3,56.6,0.6
Waltham Forest - Higham Hill,00BHGH,E05000600,14200,3500,24.6,3.2,4328.1,10.3,26.8,62.6,325000,31270,23.7,67.7,56.7,0.7
Waltham Forest - Hoe Street,00BHGJ,E05000601,14600,3250,22.4,1.1,13090.9,10.7,25.7,66.1,360000,34890,19,87.4,10.6,0.6
Waltham Forest - Larkswood,00BHGK,E05000602,12050,2350,19.5,2.1,5619,11.2,20.4,69.6,335000,35170,26.2,61.8,31.4,1.1
Waltham Forest - Lea Bridge,00BHGL,E05000603,16250,4100,25.3,2.6,6192.3,11.4,23.6,62.8,283250,31450,23,98.4,40.1,0.6
Waltham Forest - Leyton,00BHGM,E05000604,14950,3700,24.6,2,7400,13.4,22.6,61.5,255000,31040,21.1,88.2,27.6,0.6
Waltham Forest - Leytonstone,00BHGN,E05000605,13450,2350,17.6,1.3,10269.2,9.9,17.8,70.3,345000,38700,15.1,89.8,5.8,0.7
Waltham Forest - Markhouse,00BHGP,E05000606,15250,3700,24.2,1.5,9733.3,10.7,25,64.2,324000,33780,20.8,72.3,30.9,0.6
Waltham Forest - Valley,00BHGQ,E05000607,11850,2450,20.8,2,5900,11.5,24.2,68.1,285000,34250,26.1,104.1,17.6,1.1
Waltham Forest - William Morris,00BHGR,E05000608,13750,3250,23.6,1,13650,11.5,23.4,68.1,351625,35070,20.4,55.6,5.3,0.6
Waltham Forest - Wood Street,00BHGS,E05000609,14150,3450,24.4,1.8,7694.4,12,24.4,66.2,387500,35130,20.8,74,34.4,0.7
Wandsworth - Balham,00BJFZ,E05000610,15050,2650,17.6,1.2,12375,5.5,15.6,83,595000,53420,7.1,78,11.8,0.7
Wandsworth - Bedford,00BJGA,E05000611,15100,2300,15.3,1.8,8222.2,8.2,16,80,496500,46410,9.1,53.7,44.9,0.7
Wandsworth - Earlsfield,00BJGB,E05000612,16100,2750,17.3,1.4,11214.3,9.8,21.5,79,541000,44360,11.9,66.1,16.5,0.7
Wandsworth - East Putney,00BJGC,E05000613,15850,2250,14.1,1.6,9625,7,15.3,81.7,534000,49010,7.9,42.6,11,0.7
Wandsworth - Fairfield,00BJGD,E05000614,15350,2300,14.9,1.5,9966.7,7.5,21.2,83.9,500000,48590,8.5,83.6,11.1,0.7
Wandsworth - Furzedown,00BJGE,E05000615,15850,3350,21.1,1.4,11178.6,10.1,19,70.6,410000,38240,15.5,58.6,19.3,0.7
Wandsworth - Graveney,00BJGF,E05000616,15700,3000,19.2,1,15400,10.9,21.8,72.6,440000,37960,14.7,100.2,2.6,0.6
Wandsworth - Latchmere,00BJGG,E05000617,15850,3050,19.4,1.1,14181.8,13.7,26.7,70.6,398500,34990,17.9,74.6,12.7,0.4
Wandsworth - Nightingale,00BJGH,E05000618,14950,2750,18.3,1.2,12291.7,4.1,19.1,81.3,595000,50790,8.9,64.5,9.6,0.7
Wandsworth - Northcote,00BJGJ,E05000619,15400,3300,21.5,1.7,8852.9,3.4,8.4,83.9,795000,55810,6.7,101.6,34.5,0.8
Wandsworth - Queenstown,00BJGK,E05000620,20150,3000,14.8,3.2,5718.8,11.1,26,75.4,630000,39580,11.9,74.8,38.5,0.5
Wandsworth - Roehampton,00BJGL,E05000621,17550,3050,17.5,4.4,3863.6,11.8,21.7,59.8,374950,30320,18.2,83.5,70.6,0.6
Wandsworth - St. Mary's Park,00BJGM,E05000622,17250,2550,14.8,1.4,12071.4,12.7,24.2,77.4,530000,44720,11.4,76.6,26.9,0.7
Wandsworth - Shaftesbury,00BJGN,E05000623,14500,2150,14.8,0.9,15944.4,7.8,24.1,83,700000,50410,10.9,79.8,2.1,0.6
Wandsworth - Southfields,00BJGP,E05000624,16750,3400,20.3,1.5,10933.3,6.6,16.5,80.9,515250,48160,10.1,69.4,18.1,0.7
Wandsworth - Thamesfield,00BJGQ,E05000625,15400,2650,17.2,1.9,7921.1,4.6,13.6,83.4,700000,55380,6.3,96.2,34.5,0.8
Wandsworth - Tooting,00BJGR,E05000626,17350,3150,18,1.6,10562.5,10.6,20.3,67.7,440500,36000,14.4,77.6,33.7,0.6
Wandsworth - Wandsworth Common,00BJGS,E05000627,16350,3150,19.4,2.8,5607.1,8.6,17.2,71,568000,51420,11,58.8,48.2,1
Wandsworth - West Hill,00BJGT,E05000628,16850,3150,18.8,1.7,9764.7,9.6,20.8,73.1,395000,40360,14.3,38,31.9,0.8
Wandsworth - West Putney,00BJGU,E05000629,15400,2750,17.9,1.8,8388.9,12.4,20.7,72.6,497800,43280,14.5,51.3,20,0.8
Westminster - Abbey Road,00BKGA,E05000630,11500,2000,17.6,1.1,10318.2,8.5,23.2,67.9,750000,52200,10,45.8,7.2,0.7
Westminster - Bayswater,00BKGB,E05000631,10500,1400,13.2,0.5,20700,9.5,22,73.9,850000,49960,7.5,106.3,3.8,0.4
Westminster - Bryanston and Dorset Square,00BKGC,E05000632,12650,1350,10.6,0.7,17642.9,12.2,34,66.6,975000,51370,8.2,170.5,2.1,0.4
Westminster - Churchill,00BKGD,E05000633,10550,1950,18.6,0.6,16750,14.6,26.9,63.4,1100000,39530,19.1,107.6,22.2,0.4
Westminster - Church Street,00BKGE,E05000634,12000,2700,22.5,0.4,29750,13.8,26.2,48.7,440000,26290,28.1,80.9,7.6,0.3
Westminster - Harrow Road,00BKGF,E05000635,12350,2350,18.9,0.5,24300,10.9,29.4,63.4,499950,35000,18.4,67.1,3,0.4
Westminster - Hyde Park,00BKGG,E05000636,13450,1750,13.1,1,13000,11.6,21.4,62.4,850000,46880,11.1,152.6,8.9,0.5
Westminster - Knightsbridge and Belgravia,00BKGH,E05000637,10050,1050,10.4,3.6,2736.1,,,56.5,3500000,88330,5.7,177.1,69.1,0.9
Westminster - Lancaster Gate,00BKGJ,E05000638,13800,1600,11.5,0.6,22416.7,6,22.8,71.2,895000,49290,7.1,150.4,8.6,0.4
Westminster - Little Venice,00BKGK,E05000639,11050,2000,18.2,0.6,18000,9.1,21.3,69.4,870000,48770,11.5,74.8,15.4,0.6
Westminster - Maida Vale,00BKGL,E05000640,10550,1900,17.9,0.6,17166.7,8.5,25.2,70.4,773000,45660,13.2,59,27.2,0.5
Westminster - Marylebone High Street,00BKGM,E05000641,11150,1050,9.3,1,10750,10,,71.4,1090000,58370,5.8,302.4,6.1,0.5
Westminster - Queen's Park,00BKGN,E05000642,13050,2650,20.2,0.6,21250,11,29.2,59,545000,32260,22.6,62.2,4.4,0.4
Westminster - Regent's Park,00BKGP,E05000643,12500,1950,15.7,2.3,5326.1,7.5,20.8,62.4,942500,46510,13,66.6,62.2,0.6
Westminster - St. James's,00BKGQ,E05000644,12050,1100,9,3.5,3271.4,12.6,26.1,67.7,1262500,52520,10.7,990,30.7,0.4
Westminster - Tachbrook,00BKGR,E05000645,8500,850,10.3,0.4,20750,13.1,32,75.2,715650,47340,12.5,57.7,32.4,0.4
Westminster - Vincent Square,00BKGS,E05000646,10500,1500,14.2,0.7,14714.3,10,24.8,69,840000,46550,11.7,82.4,26.4,0.4
Westminster - Warwick,00BKGT,E05000647,9800,1050,10.9,0.6,15916.7,13.5,25.2,73.8,857250,50250,9.4,138.1,4,0.5
Westminster - Westbourne,00BKGU,E05000648,13200,2750,20.8,0.7,18500,11.7,26.6,59,499975,32390,22.4,75.5,19.2,0.4
Westminster - West End,00BKGW,E05000649,11250,950,8.7,2,5475,,23.9,71.3,1487500,54970,9.6,1212.1,3.9,0.4
City of London,00AA,E09000001,8100,650,8,3.2,2538.1,11.1,23.2,79.6,765000,63620,6.7,656.4,18.6,0.4
Barking and Dagenham,00AB,E09000002,205450,53700,26.1,37.8,5173.7,13.6,26.1,62.6,215000,34080,27.9,82.9,33.7,0.8
Barnet,00AC,E09000003,393200,82050,20.9,86.7,4265.1,9.5,18.6,70,400000,54530,15.5,61.6,37.7,1.1
Bexley,00AD,E09000004,237000,47950,20.2,64.3,3679.4,11.6,23,72.9,250000,44430,23,50,38.9,1.2
Brent,00AE,E09000005,326350,67200,20.6,43.2,7406.4,12.2,24.1,66.7,385000,39630,19.2,77.1,22.3,0.8
Bromley,00AF,E09000006,320100,63050,19.7,150.1,2113.8,7.8,16.2,74.4,335000,55140,17.9,61.2,57.4,1.2
Camden,00AG,E09000007,230300,35500,15.4,21.8,10482.1,9.8,21.4,65.3,675000,67990,12.7,124.7,24.6,0.5
Croydon,00AH,E09000008,381150,82900,21.7,86.5,4313,11.1,22.2,70.3,265000,45120,17.6,75.7,32.2,1
Ealing,00AJ,E09000009,349350,72800,20.8,55.5,6209,11.2,22.4,69.1,388000,45690,16.5,75.6,31.5,0.9
Enfield,00AK,E09000010,322150,71100,22.1,82.2,3922.4,12.7,24.5,65.7,285000,41250,23,70.6,48.5,1
Greenwich,00AL,E09000011,281550,61450,21.8,50.4,5209.8,13.2,24.8,66.8,317000,44370,20.6,74.4,39.3,0.8
Hackney,00AM,E09000012,262700,53500,20.4,19.1,13471.7,13.3,25.8,65.8,433000,42690,19.6,101.1,28.3,0.4
Hammersmith and Fulham,00AN,E09000013,189850,31850,16.8,17.2,10551.6,10.2,23.4,71.4,661000,62910,12.8,106.2,21.1,0.5
Haringey,00AP,E09000014,269100,52200,19.4,29.6,8888.3,11.1,23.3,67.5,405000,45860,17.8,83.8,27.8,0.6
Harrow,00AQ,E09000015,247500,50150,20.3,50.5,4872.3,9.6,20.4,70,370000,49060,16.8,50.3,32.1,1.2
Havering,00AR,E09000016,250350,47250,18.9,114.5,2119.2,10.3,20.2,72.8,250000,44430,26.4,62.5,59,1.2
Hillingdon,00AS,E09000017,289500,61100,21.1,115.7,2485.2,9.6,20.2,69.9,307000,44950,19.1,67.2,45,1.2
Hounslow,00AT,E09000018,263600,55150,20.9,56.6,4670.3,11.2,23.6,70.8,319950,44490,17.3,75,37.5,1
Islington,00AU,E09000019,220800,35100,15.9,14.9,14532.5,10.6,22.3,67.5,530000,54950,17,114.1,13.7,0.4
Kensington and Chelsea,00AW,E09000020,161700,25350,15.7,12.4,12573.2,9.2,21.6,67.7,1195000,116350,10.1,115.5,19.8,0.6
Kingston upon Thames,00AX,E09000021,167200,32200,19.3,37.2,4466,6,16.1,72.9,385000,56920,13.4,55.7,36.9,1.1
Lambeth,00AY,E09000022,320450,57150,17.8,27.3,11516.9,11.5,24.2,72.9,420000,48610,14.2,104.8,20.7,0.5
Lewisham,00AZ,E09000023,293050,60600,20.7,35.3,8097.4,11,24.6,69.4,315000,43360,17.7,78,22.1,0.7
Merton,00BA,E09000024,206200,42450,20.6,37.6,5460.3,9,20.6,74.3,385000,57160,15.2,57.1,35.9,0.9
Newham,00BB,E09000025,338000,75100,22.2,38.7,8383.8,12.5,26,60.3,250000,34260,20.6,91,29.9,0.6
Redbridge,00BC,E09000026,292450,67000,22.9,56.4,5135.3,10.6,22.7,66.5,301500,45380,18.5,69.5,40.3,1.1
Richmond upon Thames,00BD,E09000027,191600,39250,20.5,58.8,3256.3,5.7,11.7,76.8,535000,76610,10.6,55,57,1.1
Southwark,00BE,E09000028,308650,57100,18.5,29.9,9976.9,12.8,26.9,68.3,420000,48000,16.3,104.5,22.6,0.5
Sutton,00BF,E09000029,196400,40000,20.4,43.9,4480.3,8.1,19.2,76,285000,49170,18.6,53.1,33.9,1.2
Tower Hamlets,00BG,E09000030,284300,55700,19.6,21.6,12564.7,12.7,25.6,63.6,383000,45720,20,99.5,26.9,0.4
Waltham Forest,00BH,E09000031,271450,59750,22,38.8,6897,10.6,23.2,67,320000,39460,20.8,83.1,34.8,0.8
Wandsworth,00BJ,E09000032,322750,56750,17.6,35.2,8853.9,9.2,20.1,76.6,532500,66220,11.6,71.6,31.6,0.7
Westminster,00BK,E09000033,230550,33900,14.7,22,10285.8,11.1,25.9,66.1,875000,80760,12.8,238.3,28.6,0.5
London,H,E12000007,8632850,1726900,20,1594.7,5292.6,10.8,22.5,69.2,365000,51770,17.6,83.3,39.1,0.8
England,921,E92000001,54613400,10335450,18.9,130259.7,413.5,9.4,19.1,71.2,198000,30763.3,22.7,66.9,,1.1
